,schoolcode,districtcode,countycode,year,charter,elapass,schoolmode,virtualper,hybridper,totalenroll,lowincome,white,black,hispanic,state
0,100501040003nyc,10050104nyc,10nyc,2017,0.0,85,0.0,0.0,0.0,115,51.3043,82.6087,2.6087,11.3043,nyc
1,100501040003nyc,10050104nyc,10nyc,2018,0.0,76,0.0,0.0,0.0,107,61.6822,77.5701,1.8692,16.8224,nyc
2,100501040003nyc,10050104nyc,10nyc,2019,0.0,83,0.0,0.0,0.0,95,54.7368,85.2632,1.0526,11.5789,nyc
3,100501040003nyc,10050104nyc,10nyc,2021,0.0,94,0.0,0.0,0.0,81,34.5679,76.5432,0.0,16.0494,nyc
4,100902040004nyc,10090204nyc,10nyc,2017,0.0,97,0.0,0.0,0.0,26,42.3077,96.1538,0.0,3.8462,nyc
5,100902040004nyc,10090204nyc,10nyc,2018,0.0,90,0.0,0.0,0.0,39,33.3333,84.6154,0.0,5.1282,nyc
6,100902040004nyc,10090204nyc,10nyc,2019,0.0,86,0.0,0.0,0.0,43,48.8372,81.3953,0.0,6.9767,nyc
7,100902040004nyc,10090204nyc,10nyc,2021,0.0,79,0.0,0.0,0.0,14,42.8571,85.7143,0.0,14.2857,nyc
8,10100010034nyc,1010001nyc,1nyc,2017,0.0,79,0.0,0.0,0.0,586,51.1945,21.1604,48.8055,17.7474,nyc
9,10100010034nyc,1010001nyc,1nyc,2018,0.0,79,0.0,0.0,0.0,611,60.7201,22.0949,49.5908,15.3846,nyc
10,10100010034nyc,1010001nyc,1nyc,2019,0.0,85,0.0,0.0,0.0,666,64.8649,23.1231,49.0991,15.1652,nyc
11,10100010034nyc,1010001nyc,1nyc,2021,0.0,98,0.48,0.04,0.88,66,37.8788,43.9394,27.2727,9.0909,nyc
12,101001040002nyc,10100104nyc,10nyc,2017,0.0,97,0.0,0.0,0.0,96,45.8333,82.2917,2.0833,5.2083,nyc
13,101001040002nyc,10100104nyc,10nyc,2018,0.0,92,0.0,0.0,0.0,91,34.0659,86.8132,5.4945,3.2967,nyc
14,101001040002nyc,10100104nyc,10nyc,2019,0.0,93,0.0,0.0,0.0,70,28.5714,85.7143,1.4286,7.1429,nyc
15,101001040002nyc,10100104nyc,10nyc,2021,0.0,100,0.5,0.08,0.84,19,42.1053,78.9474,10.5263,5.2632,nyc
16,101300010001nyc,10130001nyc,10nyc,2017,0.0,84,0.0,0.0,0.0,142,60.5634,38.7324,22.5352,20.4225,nyc
17,101300010001nyc,10130001nyc,10nyc,2018,0.0,66,0.0,0.0,0.0,109,60.5505,41.2844,30.2752,9.1743,nyc
18,101300010001nyc,10130001nyc,10nyc,2019,0.0,85,0.0,0.0,0.0,128,71.0938,35.1562,28.9062,11.7188,nyc
19,101300010001nyc,10130001nyc,10nyc,2021,0.0,83,0.46,0.0,0.92,6,33.3333,100.0,0.0,0.0,nyc
20,101401040005nyc,10140104nyc,10nyc,2017,0.0,90,0.0,0.0,0.0,141,33.3333,93.617,2.1277,3.5461,nyc
21,101401040005nyc,10140104nyc,10nyc,2018,0.0,92,0.0,0.0,0.0,148,31.0811,91.8919,0.6757,4.0541,nyc
22,101401040005nyc,10140104nyc,10nyc,2019,0.0,94,0.0,0.0,0.0,137,22.6277,88.3212,4.3796,5.8394,nyc
23,101401040005nyc,10140104nyc,10nyc,2021,0.0,100,0.5,0.08,0.84,22,9.0909,81.8182,9.0909,0.0,nyc
27,10201040001nyc,1020104nyc,1nyc,2017,0.0,97,0.0,0.0,0.0,73,38.3562,100.0,0.0,0.0,nyc
28,10201040001nyc,1020104nyc,1nyc,2018,0.0,84,0.0,0.0,0.0,57,24.5614,98.2456,0.0,0.0,nyc
29,10201040001nyc,1020104nyc,1nyc,2019,0.0,89,0.0,0.0,0.0,76,40.7895,90.7895,2.6316,3.9474,nyc
30,10201040001nyc,1020104nyc,1nyc,2021,0.0,89,0.46,0.0,0.92,27,22.2222,96.2963,0.0,0.0,nyc
31,10306060008nyc,1030606nyc,1nyc,2017,0.0,97,0.0,0.0,0.0,422,12.5592,86.4929,2.3697,3.5545,nyc
32,10306060008nyc,1030606nyc,1nyc,2018,0.0,96,0.0,0.0,0.0,395,10.6329,85.0633,3.7975,3.038,nyc
33,10306060008nyc,1030606nyc,1nyc,2019,0.0,99,0.0,0.0,0.0,404,11.6337,84.6535,2.9703,4.9505,nyc
34,10306060008nyc,1030606nyc,1nyc,2021,0.0,0,0.48,0.04,0.88,2,0.0,100.0,0.0,0.0,nyc
35,10402060001nyc,1040206nyc,1nyc,2017,0.0,91,0.0,0.0,0.0,145,47.5862,79.3103,5.5172,10.3448,nyc
36,10402060001nyc,1040206nyc,1nyc,2018,0.0,83,0.0,0.0,0.0,149,37.5839,82.5503,6.0403,8.7248,nyc
37,10402060001nyc,1040206nyc,1nyc,2019,0.0,81,0.0,0.0,0.0,137,38.6861,85.4015,5.8394,6.5693,nyc
38,10402060001nyc,1040206nyc,1nyc,2021,0.0,100,0.46,0.0,0.92,5,60.0,60.0,0.0,20.0,nyc
39,10500010007nyc,1050001nyc,1nyc,2017,0.0,79,0.0,0.0,0.0,118,64.4068,72.8814,11.8644,8.4746,nyc
40,10500010007nyc,1050001nyc,1nyc,2018,0.0,63,0.0,0.0,0.0,134,68.6567,74.6269,13.4328,6.7164,nyc
41,10500010007nyc,1050001nyc,1nyc,2019,0.0,89,0.0,0.0,0.0,163,60.7362,76.0736,11.6564,8.589,nyc
42,10500010007nyc,1050001nyc,1nyc,2021,0.0,91,0.46,0.0,0.92,54,57.4074,77.7778,9.2593,5.5556,nyc
43,10601060008nyc,1060106nyc,1nyc,2017,0.0,90,0.0,0.0,0.0,415,27.9518,67.9518,8.6747,7.4699,nyc
44,10601060008nyc,1060106nyc,1nyc,2018,0.0,85,0.0,0.0,0.0,393,38.9313,66.4122,8.9059,8.1425,nyc
45,10601060008nyc,1060106nyc,1nyc,2019,0.0,91,0.0,0.0,0.0,409,36.6748,65.5257,10.0244,7.5795,nyc
46,10601060008nyc,1060106nyc,1nyc,2021,0.0,88,0.46,0.0,0.92,16,18.75,81.25,0.0,6.25,nyc
47,10623060010nyc,1062306nyc,1nyc,2017,0.0,96,0.0,0.0,0.0,515,21.165,67.9612,6.4078,5.0485,nyc
48,10623060010nyc,1062306nyc,1nyc,2018,0.0,96,0.0,0.0,0.0,507,22.6824,66.075,7.4951,6.1144,nyc
49,10623060010nyc,1062306nyc,1nyc,2019,0.0,98,0.0,0.0,0.0,508,24.4094,64.7638,8.8583,6.2992,nyc
50,10623060010nyc,1062306nyc,1nyc,2021,0.0,98,0.4,0.04,0.72,57,19.2982,63.1579,8.7719,0.0,nyc
51,10701030001nyc,1070103nyc,1nyc,2017,0.0,75,0.0,0.0,0.0,12,58.3333,75.0,0.0,8.3333,nyc
52,10701030001nyc,1070103nyc,1nyc,2018,0.0,80,0.0,0.0,0.0,20,50.0,85.0,5.0,0.0,nyc
53,10701030001nyc,1070103nyc,1nyc,2019,0.0,62,0.0,0.0,0.0,21,66.6667,76.1905,19.0476,4.7619,nyc
54,10701030001nyc,1070103nyc,1nyc,2021,0.0,64,0.46,0.0,0.92,14,35.7143,85.7143,7.1429,0.0,nyc
55,10802060005nyc,1080206nyc,1nyc,2017,0.0,96,0.0,0.0,0.0,410,13.9024,75.8537,4.878,3.4146,nyc
56,10802060005nyc,1080206nyc,1nyc,2018,0.0,90,0.0,0.0,0.0,359,16.156,80.2228,3.8997,4.1783,nyc
57,10802060005nyc,1080206nyc,1nyc,2019,0.0,93,0.0,0.0,0.0,375,18.6667,73.0667,5.0667,4.5333,nyc
58,10802060005nyc,1080206nyc,1nyc,2021,0.0,97,0.5,0.08,0.84,92,15.2174,73.913,1.087,0.0,nyc
59,11003060002nyc,1100306nyc,1nyc,2017,0.0,94,0.0,0.0,0.0,109,7.3394,88.9908,2.7523,1.8349,nyc
60,11003060002nyc,1100306nyc,1nyc,2018,0.0,90,0.0,0.0,0.0,103,10.6796,93.2039,0.0,0.9709,nyc
61,11003060002nyc,1100306nyc,1nyc,2019,0.0,93,0.0,0.0,0.0,107,7.4766,92.5234,1.8692,0.0,nyc
62,11003060002nyc,1100306nyc,1nyc,2021,0.0,100,0.46,0.0,0.92,25,8.0,88.0,0.0,0.0,nyc
63,110101040002nyc,11010104nyc,11nyc,2017,0.0,90,0.0,0.0,0.0,44,47.7273,95.4545,0.0,2.2727,nyc
64,110101040002nyc,11010104nyc,11nyc,2018,0.0,93,0.0,0.0,0.0,30,33.3333,100.0,0.0,0.0,nyc
65,110101040002nyc,11010104nyc,11nyc,2019,0.0,85,0.0,0.0,0.0,33,45.4545,100.0,0.0,0.0,nyc
66,110101040002nyc,11010104nyc,11nyc,2021,0.0,88,0.0,0.0,0.0,17,35.2941,100.0,0.0,0.0,nyc
67,110200010011nyc,11020001nyc,11nyc,2017,0.0,80,0.0,0.0,0.0,347,46.9741,88.1844,3.4582,3.4582,nyc
68,110200010011nyc,11020001nyc,11nyc,2018,0.0,76,0.0,0.0,0.0,196,48.9796,90.8163,3.0612,2.0408,nyc
69,110200010011nyc,11020001nyc,11nyc,2019,0.0,83,0.0,0.0,0.0,193,51.8135,88.601,4.1451,3.6269,nyc
70,110200010011nyc,11020001nyc,11nyc,2021,0.0,85,0.04,0.04,0.0,27,25.9259,77.7778,0.0,3.7037,nyc
71,110304040002nyc,11030404nyc,11nyc,2017,0.0,82,0.0,0.0,0.0,38,57.8947,92.1053,2.6316,0.0,nyc
72,110304040002nyc,11030404nyc,11nyc,2018,0.0,76,0.0,0.0,0.0,42,42.8571,100.0,0.0,0.0,nyc
73,110304040002nyc,11030404nyc,11nyc,2019,0.0,79,0.0,0.0,0.0,38,52.6316,97.3684,0.0,0.0,nyc
74,110304040002nyc,11030404nyc,11nyc,2021,0.0,85,0.0,0.0,0.0,39,41.0256,94.8718,0.0,2.5641,nyc
75,110701060001nyc,11070106nyc,11nyc,2017,0.0,95,0.0,0.0,0.0,153,27.451,98.0392,0.6536,0.0,nyc
76,110701060001nyc,11070106nyc,11nyc,2018,0.0,82,0.0,0.0,0.0,154,37.013,95.4545,1.9481,0.6494,nyc
77,110701060001nyc,11070106nyc,11nyc,2019,0.0,89,0.0,0.0,0.0,161,41.6149,93.1677,0.6211,0.6211,nyc
78,110701060001nyc,11070106nyc,11nyc,2021,0.0,89,0.3,0.0,0.6,19,42.1053,78.9474,0.0,10.5263,nyc
79,110901040001nyc,11090104nyc,11nyc,2017,0.0,93,0.0,0.0,0.0,49,48.9796,93.8776,6.1224,0.0,nyc
80,110901040001nyc,11090104nyc,11nyc,2018,0.0,89,0.0,0.0,0.0,47,48.9362,93.617,6.383,0.0,nyc
81,110901040001nyc,11090104nyc,11nyc,2019,0.0,90,0.0,0.0,0.0,63,57.1429,95.2381,0.0,3.1746,nyc
82,110901040001nyc,11090104nyc,11nyc,2021,0.0,81,0.26,0.0,0.52,47,48.9362,95.7447,2.1277,2.1277,nyc
86,120102040001nyc,12010204nyc,12nyc,2017,0.0,92,0.0,0.0,0.0,12,50.0,100.0,0.0,0.0,nyc
87,120102040001nyc,12010204nyc,12nyc,2018,0.0,80,0.0,0.0,0.0,5,80.0,100.0,0.0,0.0,nyc
88,120102040001nyc,12010204nyc,12nyc,2019,0.0,80,0.0,0.0,0.0,10,60.0,90.0,0.0,0.0,nyc
89,120102040001nyc,12010204nyc,12nyc,2021,0.0,0,0.0,0.0,0.0,3,33.3333,100.0,0.0,0.0,nyc
90,120301040001nyc,12030104nyc,12nyc,2017,0.0,96,0.0,0.0,0.0,29,65.5172,96.5517,0.0,3.4483,nyc
91,120301040001nyc,12030104nyc,12nyc,2018,0.0,89,0.0,0.0,0.0,18,72.2222,94.4444,0.0,5.5556,nyc
92,120301040001nyc,12030104nyc,12nyc,2019,0.0,100,0.0,0.0,0.0,14,50.0,92.8571,0.0,7.1429,nyc
93,120301040001nyc,12030104nyc,12nyc,2021,0.0,92,0.08,0.08,0.0,12,25.0,83.3333,16.6667,0.0,nyc
94,120401040001nyc,12040104nyc,12nyc,2017,0.0,93,0.0,0.0,0.0,30,53.3333,96.6667,3.3333,0.0,nyc
95,120401040001nyc,12040104nyc,12nyc,2018,0.0,57,0.0,0.0,0.0,21,42.8571,95.2381,0.0,0.0,nyc
96,120401040001nyc,12040104nyc,12nyc,2019,0.0,83,0.0,0.0,0.0,30,40.0,96.6667,0.0,3.3333,nyc
97,120401040001nyc,12040104nyc,12nyc,2021,0.0,71,0.08,0.08,0.0,14,42.8571,100.0,0.0,0.0,nyc
98,120501040002nyc,12050104nyc,12nyc,2017,0.0,96,0.0,0.0,0.0,63,26.9841,92.0635,3.1746,0.0,nyc
99,120501040002nyc,12050104nyc,12nyc,2018,0.0,94,0.0,0.0,0.0,49,32.6531,93.8776,0.0,0.0,nyc
100,120501040002nyc,12050104nyc,12nyc,2019,0.0,98,0.0,0.0,0.0,52,32.6923,96.1538,0.0,0.0,nyc
101,120501040002nyc,12050104nyc,12nyc,2021,0.0,82,0.34,0.04,0.6,51,33.3333,92.1569,1.9608,1.9608,nyc
102,120701040001nyc,12070104nyc,12nyc,2017,0.0,85,0.0,0.0,0.0,20,60.0,90.0,0.0,5.0,nyc
103,120701040001nyc,12070104nyc,12nyc,2018,0.0,100,0.0,0.0,0.0,26,38.4615,92.3077,0.0,0.0,nyc
104,120701040001nyc,12070104nyc,12nyc,2019,0.0,95,0.0,0.0,0.0,19,57.8947,94.7368,0.0,0.0,nyc
105,120701040001nyc,12070104nyc,12nyc,2021,0.0,78,0.3,0.0,0.6,18,38.8889,88.8889,0.0,11.1111,nyc
106,120906040002nyc,12090604nyc,12nyc,2017,0.0,87,0.0,0.0,0.0,37,51.3514,89.1892,2.7027,8.1081,nyc
107,120906040002nyc,12090604nyc,12nyc,2018,0.0,83,0.0,0.0,0.0,29,37.931,100.0,0.0,0.0,nyc
108,120906040002nyc,12090604nyc,12nyc,2019,0.0,79,0.0,0.0,0.0,34,44.1176,97.0588,0.0,2.9412,nyc
109,120906040002nyc,12090604nyc,12nyc,2021,0.0,62,0.48,0.0,0.96,26,42.3077,88.4615,0.0,11.5385,nyc
110,121401040001nyc,12140104nyc,12nyc,2017,0.0,95,0.0,0.0,0.0,24,41.6667,75.0,0.0,16.6667,nyc
111,121401040001nyc,12140104nyc,12nyc,2018,0.0,95,0.0,0.0,0.0,21,71.4286,57.1429,4.7619,33.3333,nyc
112,121401040001nyc,12140104nyc,12nyc,2019,0.0,94,0.0,0.0,0.0,18,55.5556,94.4444,5.5556,0.0,nyc
113,121401040001nyc,12140104nyc,12nyc,2021,0.0,95,0.24,0.0,0.48,22,45.4545,72.7273,0.0,18.1818,nyc
114,121502040001nyc,12150204nyc,12nyc,2017,0.0,77,0.0,0.0,0.0,27,40.7407,88.8889,0.0,7.4074,nyc
115,121502040001nyc,12150204nyc,12nyc,2018,0.0,81,0.0,0.0,0.0,16,43.75,100.0,0.0,0.0,nyc
116,121502040001nyc,12150204nyc,12nyc,2019,0.0,100,0.0,0.0,0.0,12,41.6667,100.0,0.0,0.0,nyc
117,121502040001nyc,12150204nyc,12nyc,2021,0.0,95,0.32,0.32,0.0,21,33.3333,100.0,0.0,0.0,nyc
118,121601060006nyc,12160106nyc,12nyc,2017,0.0,92,0.0,0.0,0.0,83,63.8554,91.5663,1.2048,3.6145,nyc
119,121601060006nyc,12160106nyc,12nyc,2018,0.0,88,0.0,0.0,0.0,77,46.7532,84.4156,1.2987,12.987,nyc
120,121601060006nyc,12160106nyc,12nyc,2019,0.0,85,0.0,0.0,0.0,85,43.5294,87.0588,1.1765,5.8824,nyc
121,121601060006nyc,12160106nyc,12nyc,2021,0.0,80,0.48,0.0,0.96,71,33.8028,84.507,2.8169,2.8169,nyc
122,121701040001nyc,12170104nyc,12nyc,2017,0.0,80,0.0,0.0,0.0,30,23.3333,86.6667,10.0,3.3333,nyc
123,121701040001nyc,12170104nyc,12nyc,2018,0.0,84,0.0,0.0,0.0,19,52.6316,94.7368,5.2632,0.0,nyc
124,121701040001nyc,12170104nyc,12nyc,2019,0.0,89,0.0,0.0,0.0,19,63.1579,94.7368,0.0,0.0,nyc
125,121701040001nyc,12170104nyc,12nyc,2021,0.0,92,0.12,0.08,0.08,12,33.3333,91.6667,0.0,8.3333,nyc
126,121702040001nyc,12170204nyc,12nyc,2017,0.0,100,0.0,0.0,0.0,24,37.5,95.8333,0.0,0.0,nyc
127,121702040001nyc,12170204nyc,12nyc,2018,0.0,84,0.0,0.0,0.0,25,36.0,80.0,4.0,12.0,nyc
128,121702040001nyc,12170204nyc,12nyc,2019,0.0,97,0.0,0.0,0.0,37,45.9459,86.4865,5.4054,2.7027,nyc
129,121702040001nyc,12170204nyc,12nyc,2021,0.0,92,0.04,0.0,0.08,25,40.0,92.0,0.0,4.0,nyc
130,121901040002nyc,12190104nyc,12nyc,2017,0.0,87,0.0,0.0,0.0,77,58.4416,96.1039,0.0,1.2987,nyc
131,121901040002nyc,12190104nyc,12nyc,2018,0.0,76,0.0,0.0,0.0,76,52.6316,96.0526,0.0,2.6316,nyc
132,121901040002nyc,12190104nyc,12nyc,2019,0.0,83,0.0,0.0,0.0,72,40.2778,94.4444,0.0,5.5556,nyc
133,121901040002nyc,12190104nyc,12nyc,2021,0.0,100,0.44,0.04,0.8,5,20.0,100.0,0.0,0.0,nyc
134,130200010005nyc,13020001nyc,13nyc,2017,0.0,83,0.0,0.0,0.0,199,52.2613,41.7085,24.1206,26.1307,nyc
135,130200010005nyc,13020001nyc,13nyc,2018,0.0,78,0.0,0.0,0.0,236,46.1864,41.5254,23.7288,30.0847,nyc
136,130200010005nyc,13020001nyc,13nyc,2019,0.0,84,0.0,0.0,0.0,258,45.7364,39.9225,24.031,30.2326,nyc
137,130200010005nyc,13020001nyc,13nyc,2021,0.0,100,0.48,0.0,0.96,8,25.0,37.5,37.5,12.5,nyc
138,130502020003nyc,13050202nyc,13nyc,2017,0.0,90,0.0,0.0,0.0,113,49.5575,71.6814,10.6195,15.9292,nyc
139,130502020003nyc,13050202nyc,13nyc,2018,0.0,78,0.0,0.0,0.0,93,50.5376,72.043,8.6022,13.9785,nyc
140,130502020003nyc,13050202nyc,13nyc,2019,0.0,84,0.0,0.0,0.0,117,52.9915,68.3761,5.1282,23.0769,nyc
141,130502020003nyc,13050202nyc,13nyc,2021,0.0,88,0.32,0.08,0.48,8,75.0,25.0,0.0,75.0,nyc
142,130801060007nyc,13080106nyc,13nyc,2017,0.0,90,0.0,0.0,0.0,318,40.8805,69.1824,13.8365,12.8931,nyc
143,130801060007nyc,13080106nyc,13nyc,2018,0.0,91,0.0,0.0,0.0,338,45.858,67.7515,12.1302,14.2012,nyc
144,130801060007nyc,13080106nyc,13nyc,2019,0.0,87,0.0,0.0,0.0,285,49.1228,61.7544,17.5439,14.386,nyc
145,130801060007nyc,13080106nyc,13nyc,2021,0.0,83,0.48,0.0,0.96,6,50.0,100.0,0.0,0.0,nyc
149,131201040002nyc,13120104nyc,13nyc,2017,0.0,94,0.0,0.0,0.0,97,14.433,80.4124,1.0309,15.4639,nyc
150,131201040002nyc,13120104nyc,13nyc,2018,0.0,94,0.0,0.0,0.0,89,16.8539,78.6517,1.1236,13.4831,nyc
151,131201040002nyc,13120104nyc,13nyc,2019,0.0,99,0.0,0.0,0.0,96,19.7917,82.2917,1.0417,9.375,nyc
152,131201040002nyc,13120104nyc,13nyc,2021,0.0,93,0.28,0.0,0.56,58,20.6897,75.8621,1.7241,18.9655,nyc
153,131301040002nyc,13130104nyc,13nyc,2017,0.0,87,0.0,0.0,0.0,87,37.931,87.3563,0.0,11.4943,nyc
154,131301040002nyc,13130104nyc,13nyc,2018,0.0,81,0.0,0.0,0.0,73,32.8767,84.9315,0.0,13.6986,nyc
155,131301040002nyc,13130104nyc,13nyc,2019,0.0,95,0.0,0.0,0.0,81,28.3951,82.716,2.4691,11.1111,nyc
156,131301040002nyc,13130104nyc,13nyc,2021,0.0,90,0.52,0.12,0.8,41,34.1463,85.3659,0.0,12.1951,nyc
157,131500010010nyc,13150001nyc,13nyc,2017,0.0,69,0.0,0.0,0.0,311,75.2412,9.6463,59.8071,25.0804,nyc
158,131500010010nyc,13150001nyc,13nyc,2018,0.0,49,0.0,0.0,0.0,272,81.9853,5.5147,62.1324,27.2059,nyc
159,131500010010nyc,13150001nyc,13nyc,2019,0.0,68,0.0,0.0,0.0,350,71.1429,7.4286,56.8571,32.8571,nyc
160,131500010010nyc,13150001nyc,13nyc,2021,0.0,89,0.58,0.2,0.76,57,47.3684,3.5088,50.8772,31.5789,nyc
161,131601060008nyc,13160106nyc,13nyc,2017,0.0,96,0.0,0.0,0.0,836,23.8038,75.7177,8.4928,9.689,nyc
162,131601060008nyc,13160106nyc,13nyc,2018,0.0,88,0.0,0.0,0.0,687,23.4352,72.7802,9.607,12.2271,nyc
163,131601060008nyc,13160106nyc,13nyc,2019,0.0,93,0.0,0.0,0.0,770,22.8571,71.4286,8.0519,14.2857,nyc
164,131601060008nyc,13160106nyc,13nyc,2021,0.0,38,0.52,0.08,0.88,8,75.0,12.5,0.0,75.0,nyc
165,131602020005nyc,13160202nyc,13nyc,2017,0.0,95,0.0,0.0,0.0,137,19.708,64.2336,9.4891,9.4891,nyc
166,131602020005nyc,13160202nyc,13nyc,2018,0.0,94,0.0,0.0,0.0,127,21.2598,66.9291,14.9606,5.5118,nyc
167,131602020005nyc,13160202nyc,13nyc,2019,0.0,98,0.0,0.0,0.0,104,29.8077,58.6538,10.5769,12.5,nyc
168,131602020005nyc,13160202nyc,13nyc,2021,0.0,97,0.54,0.12,0.84,34,11.7647,73.5294,5.8824,5.8824,nyc
169,131701060002nyc,13170106nyc,13nyc,2017,0.0,97,0.0,0.0,0.0,167,17.3653,87.4251,2.3952,7.7844,nyc
170,131701060002nyc,13170106nyc,13nyc,2018,0.0,92,0.0,0.0,0.0,172,26.1628,87.7907,2.3256,6.3953,nyc
171,131701060002nyc,13170106nyc,13nyc,2019,0.0,93,0.0,0.0,0.0,163,33.7423,82.8221,2.454,11.0429,nyc
172,131701060002nyc,13170106nyc,13nyc,2021,0.0,0,0.52,0.08,0.88,3,33.3333,100.0,0.0,0.0,nyc
173,131801040001nyc,13180104nyc,13nyc,2017,0.0,93,0.0,0.0,0.0,112,16.9643,83.9286,4.4643,4.4643,nyc
174,131801040001nyc,13180104nyc,13nyc,2018,0.0,94,0.0,0.0,0.0,107,20.5607,89.7196,0.0,6.5421,nyc
175,131801040001nyc,13180104nyc,13nyc,2019,0.0,89,0.0,0.0,0.0,70,22.8571,88.5714,2.8571,7.1429,nyc
176,131801040001nyc,13180104nyc,13nyc,2021,0.0,100,0.52,0.08,0.88,13,7.6923,84.6154,0.0,15.3846,nyc
177,132101060011nyc,13210106nyc,13nyc,2017,0.0,91,0.0,0.0,0.0,448,27.9018,67.4107,7.3661,17.1875,nyc
178,132101060011nyc,13210106nyc,13nyc,2018,0.0,80,0.0,0.0,0.0,462,32.2511,60.3896,10.8225,22.5108,nyc
179,132101060011nyc,13210106nyc,13nyc,2019,0.0,93,0.0,0.0,0.0,468,30.9829,64.1026,8.7607,20.7265,nyc
180,132101060011nyc,13210106nyc,13nyc,2021,0.0,67,0.32,0.0,0.64,9,44.4444,22.2222,22.2222,33.3333,nyc
181,132101060015nyc,13210106nyc,13nyc,2017,0.0,94,0.0,0.0,0.0,514,17.8988,79.1829,5.642,8.9494,nyc
182,132101060015nyc,13210106nyc,13nyc,2018,0.0,89,0.0,0.0,0.0,516,19.5736,74.2248,7.3643,11.8217,nyc
183,132101060015nyc,13210106nyc,13nyc,2019,0.0,93,0.0,0.0,0.0,542,19.7417,76.9373,5.7196,12.1771,nyc
184,132101060015nyc,13210106nyc,13nyc,2021,0.0,100,0.5,0.04,0.92,5,0.0,40.0,40.0,0.0,nyc
188,132201040005nyc,13220104nyc,13nyc,2017,0.0,95,0.0,0.0,0.0,77,27.2727,81.8182,2.5974,9.0909,nyc
189,132201040005nyc,13220104nyc,13nyc,2018,0.0,94,0.0,0.0,0.0,82,23.1707,85.3659,2.439,8.5366,nyc
190,132201040005nyc,13220104nyc,13nyc,2019,0.0,96,0.0,0.0,0.0,72,27.7778,83.3333,2.7778,9.7222,nyc
191,132201040005nyc,13220104nyc,13nyc,2021,0.0,96,0.48,0.0,0.96,26,15.3846,92.3077,0.0,7.6923,nyc
192,140101060006nyc,14010106nyc,14nyc,2017,0.0,98,0.0,0.0,0.0,155,20.0,97.4194,0.6452,0.0,nyc
193,140101060006nyc,14010106nyc,14nyc,2018,0.0,98,0.0,0.0,0.0,125,24.8,98.4,1.6,0.0,nyc
194,140101060006nyc,14010106nyc,14nyc,2019,0.0,97,0.0,0.0,0.0,135,31.8519,95.5556,1.4815,0.7407,nyc
195,140101060006nyc,14010106nyc,14nyc,2021,0.0,0,0.34,0.0,0.68,2,0.0,100.0,0.0,0.0,nyc
196,140201060002nyc,14020106nyc,14nyc,2017,0.0,97,0.0,0.0,0.0,206,26.699,73.7864,11.165,3.8835,nyc
197,140201060002nyc,14020106nyc,14nyc,2018,0.0,90,0.0,0.0,0.0,205,26.8293,70.2439,17.561,3.9024,nyc
198,140201060002nyc,14020106nyc,14nyc,2019,0.0,96,0.0,0.0,0.0,220,37.7273,69.5455,15.9091,4.5455,nyc
199,140201060002nyc,14020106nyc,14nyc,2021,0.0,100,0.46,0.0,0.92,13,30.7692,53.8462,15.3846,7.6923,nyc
200,140203060004nyc,14020306nyc,14nyc,2017,0.0,95,0.0,0.0,0.0,294,18.3673,77.8912,5.7823,4.4218,nyc
201,140203060004nyc,14020306nyc,14nyc,2018,0.0,90,0.0,0.0,0.0,230,18.6957,75.6522,6.087,6.9565,nyc
202,140203060004nyc,14020306nyc,14nyc,2019,0.0,94,0.0,0.0,0.0,236,17.3729,77.9661,6.7797,5.9322,nyc
203,140203060004nyc,14020306nyc,14nyc,2021,0.0,85,0.34,0.0,0.68,20,20.0,80.0,5.0,5.0,nyc
204,140203060010nyc,14020306nyc,14nyc,2017,0.0,96,0.0,0.0,0.0,311,11.5756,83.6013,2.5723,2.2508,nyc
205,140203060010nyc,14020306nyc,14nyc,2018,0.0,93,0.0,0.0,0.0,380,15.0,81.5789,2.3684,3.6842,nyc
206,140203060010nyc,14020306nyc,14nyc,2019,0.0,95,0.0,0.0,0.0,336,19.0476,77.9762,5.0595,2.0833,nyc
207,140203060010nyc,14020306nyc,14nyc,2021,0.0,90,0.34,0.0,0.68,10,20.0,70.0,10.0,10.0,nyc
208,140203060013nyc,14020306nyc,14nyc,2017,0.0,97,0.0,0.0,0.0,255,9.4118,75.2941,1.1765,3.1373,nyc
209,140203060013nyc,14020306nyc,14nyc,2018,0.0,96,0.0,0.0,0.0,282,10.9929,73.4043,1.0638,2.8369,nyc
210,140203060013nyc,14020306nyc,14nyc,2019,0.0,95,0.0,0.0,0.0,263,16.3498,72.2433,2.6616,2.6616,nyc
211,140203060013nyc,14020306nyc,14nyc,2021,0.0,92,0.34,0.0,0.68,24,20.8333,70.8333,4.1667,0.0,nyc
212,140207060006nyc,14020706nyc,14nyc,2017,0.0,95,0.0,0.0,0.0,262,46.5649,68.3206,20.229,5.3435,nyc
213,140207060006nyc,14020706nyc,14nyc,2018,0.0,89,0.0,0.0,0.0,255,50.9804,65.8824,25.098,3.5294,nyc
214,140207060006nyc,14020706nyc,14nyc,2019,0.0,90,0.0,0.0,0.0,288,51.7361,62.8472,21.1806,6.9444,nyc
215,140207060006nyc,14020706nyc,14nyc,2021,0.0,83,0.44,0.0,0.88,12,50.0,58.3333,8.3333,25.0,nyc
216,140301030005nyc,14030103nyc,14nyc,2017,0.0,97,0.0,0.0,0.0,178,8.427,96.6292,1.1236,2.2472,nyc
217,140301030005nyc,14030103nyc,14nyc,2018,0.0,98,0.0,0.0,0.0,159,25.1572,95.5975,0.0,2.5157,nyc
218,140301030005nyc,14030103nyc,14nyc,2019,0.0,99,0.0,0.0,0.0,160,14.375,95.0,0.625,2.5,nyc
219,140301030005nyc,14030103nyc,14nyc,2021,0.0,0,0.46,0.0,0.92,2,0.0,100.0,0.0,0.0,nyc
220,140600010056nyc,14060001nyc,14nyc,2017,0.0,92,0.0,0.0,0.0,109,49.5413,27.5229,48.6239,9.1743,nyc
221,140600010056nyc,14060001nyc,14nyc,2018,0.0,92,0.0,0.0,0.0,111,46.8468,34.2342,43.2432,5.4054,nyc
222,140600010056nyc,14060001nyc,14nyc,2019,0.0,96,0.0,0.0,0.0,106,43.3962,38.6792,30.1887,8.4906,nyc
223,140600010056nyc,14060001nyc,14nyc,2021,0.0,96,0.24,0.0,0.48,56,37.5,28.5714,41.0714,8.9286,nyc
227,140600010098nyc,14060001nyc,14nyc,2017,0.0,74,0.0,0.0,0.0,258,79.845,8.9147,64.7287,15.1163,nyc
228,140600010098nyc,14060001nyc,14nyc,2018,0.0,63,0.0,0.0,0.0,294,76.5306,15.9864,57.1429,14.6259,nyc
229,140600010098nyc,14060001nyc,14nyc,2019,0.0,79,0.0,0.0,0.0,307,82.0847,11.7264,57.9805,14.9837,nyc
230,140600010098nyc,14060001nyc,14nyc,2021,0.0,88,0.52,0.16,0.72,8,62.5,25.0,50.0,0.0,nyc
234,140600010102nyc,14060001nyc,14nyc,2017,0.0,96,0.0,0.0,0.0,138,36.9565,58.6957,15.942,7.2464,nyc
235,140600010102nyc,14060001nyc,14nyc,2018,0.0,93,0.0,0.0,0.0,159,27.673,64.1509,15.0943,8.1761,nyc
236,140600010102nyc,14060001nyc,14nyc,2019,0.0,87,0.0,0.0,0.0,163,40.4908,50.3067,23.3129,7.9755,nyc
237,140600010102nyc,14060001nyc,14nyc,2021,0.0,89,0.44,0.16,0.56,57,26.3158,61.4035,19.2982,1.7544,nyc
256,140600010135nyc,14060001nyc,14nyc,2017,0.0,90,0.0,0.0,0.0,79,75.9494,5.0633,75.9494,16.4557,nyc
257,140600010135nyc,14060001nyc,14nyc,2018,0.0,71,0.0,0.0,0.0,90,73.3333,14.4444,64.4444,13.3333,nyc
258,140600010135nyc,14060001nyc,14nyc,2019,0.0,79,0.0,0.0,0.0,97,72.1649,9.2784,67.0103,17.5258,nyc
259,140600010135nyc,14060001nyc,14nyc,2021,0.0,82,0.54,0.16,0.76,11,36.3636,18.1818,81.8182,0.0,nyc
260,140600010308nyc,14060001nyc,14nyc,2017,0.0,68,0.0,0.0,0.0,181,83.4254,10.4972,38.674,17.6796,nyc
261,140600010308nyc,14060001nyc,14nyc,2018,0.0,60,0.0,0.0,0.0,197,91.3706,12.6904,42.6396,17.7665,nyc
262,140600010308nyc,14060001nyc,14nyc,2019,0.0,62,0.0,0.0,0.0,192,88.0208,11.4583,41.1458,16.6667,nyc
263,140600010308nyc,14060001nyc,14nyc,2021,0.0,69,0.54,0.2,0.68,26,92.3077,0.0,42.3077,26.9231,nyc
264,140701060006nyc,14070106nyc,14nyc,2017,0.0,87,0.0,0.0,0.0,170,60.0,48.8235,36.4706,5.2941,nyc
265,140701060006nyc,14070106nyc,14nyc,2018,0.0,78,0.0,0.0,0.0,159,59.1195,48.4277,37.7358,3.1447,nyc
266,140701060006nyc,14070106nyc,14nyc,2019,0.0,77,0.0,0.0,0.0,214,68.2243,40.1869,40.1869,10.2804,nyc
267,140701060006nyc,14070106nyc,14nyc,2021,0.0,67,0.3,0.0,0.6,27,70.3704,40.7407,37.037,0.0,nyc
268,140702030006nyc,14070203nyc,14nyc,2017,0.0,91,0.0,0.0,0.0,149,47.651,81.2081,12.7517,2.0134,nyc
269,140702030006nyc,14070203nyc,14nyc,2018,0.0,87,0.0,0.0,0.0,181,46.9613,75.1381,11.6022,3.8674,nyc
270,140702030006nyc,14070203nyc,14nyc,2019,0.0,87,0.0,0.0,0.0,188,49.4681,70.2128,14.3617,4.2553,nyc
271,140702030006nyc,14070203nyc,14nyc,2021,0.0,58,0.44,0.0,0.88,19,26.3158,68.4211,10.5263,10.5263,nyc
272,140703020003nyc,14070302nyc,14nyc,2017,0.0,89,0.0,0.0,0.0,83,62.6506,57.8313,30.1205,6.0241,nyc
273,140703020003nyc,14070302nyc,14nyc,2018,0.0,77,0.0,0.0,0.0,110,56.3636,58.1818,32.7273,1.8182,nyc
274,140703020003nyc,14070302nyc,14nyc,2019,0.0,73,0.0,0.0,0.0,111,62.1622,49.5495,37.8378,6.3063,nyc
275,140703020003nyc,14070302nyc,14nyc,2021,0.0,90,0.46,0.0,0.92,30,33.3333,56.6667,26.6667,0.0,nyc
276,140707030003nyc,14070703nyc,14nyc,2017,0.0,93,0.0,0.0,0.0,144,44.4444,93.0556,2.7778,2.0833,nyc
277,140707030003nyc,14070703nyc,14nyc,2018,0.0,95,0.0,0.0,0.0,154,42.2078,86.3636,5.1948,3.2468,nyc
278,140707030003nyc,14070703nyc,14nyc,2019,0.0,92,0.0,0.0,0.0,126,45.2381,92.0635,2.381,1.5873,nyc
279,140707030003nyc,14070703nyc,14nyc,2021,0.0,89,0.46,0.0,0.92,9,66.6667,77.7778,22.2222,0.0,nyc
280,140709030004nyc,14070903nyc,14nyc,2017,0.0,93,0.0,0.0,0.0,112,58.9286,82.1429,8.9286,8.0357,nyc
281,140709030004nyc,14070903nyc,14nyc,2018,0.0,92,0.0,0.0,0.0,91,54.9451,90.1099,4.3956,4.3956,nyc
282,140709030004nyc,14070903nyc,14nyc,2019,0.0,90,0.0,0.0,0.0,105,50.4762,80.0,7.619,6.6667,nyc
283,140709030004nyc,14070903nyc,14nyc,2021,0.0,85,0.5,0.0,1.0,20,50.0,65.0,10.0,20.0,nyc
284,140801060006nyc,14080106nyc,14nyc,2017,0.0,97,0.0,0.0,0.0,369,10.2981,92.6829,0.813,2.168,nyc
285,140801060006nyc,14080106nyc,14nyc,2018,0.0,94,0.0,0.0,0.0,377,7.9576,93.3687,1.061,1.061,nyc
286,140801060006nyc,14080106nyc,14nyc,2019,0.0,94,0.0,0.0,0.0,382,13.6126,90.5759,1.3089,3.6649,nyc
287,140801060006nyc,14080106nyc,14nyc,2021,0.0,94,0.44,0.0,0.88,18,22.2222,100.0,0.0,0.0,nyc
288,141101060001nyc,14110106nyc,14nyc,2017,0.0,92,0.0,0.0,0.0,174,36.7816,93.1034,0.5747,2.8736,nyc
289,141101060001nyc,14110106nyc,14nyc,2018,0.0,87,0.0,0.0,0.0,136,25.7353,95.5882,0.0,2.2059,nyc
290,141101060001nyc,14110106nyc,14nyc,2019,0.0,95,0.0,0.0,0.0,167,32.3353,93.4132,0.0,3.5928,nyc
291,141101060001nyc,14110106nyc,14nyc,2021,0.0,92,0.36,0.0,0.72,110,32.7273,91.8182,0.0,2.7273,nyc
292,141201060001nyc,14120106nyc,14nyc,2017,0.0,97,0.0,0.0,0.0,113,23.8938,96.4602,0.885,1.7699,nyc
293,141201060001nyc,14120106nyc,14nyc,2018,0.0,91,0.0,0.0,0.0,104,15.3846,98.0769,0.0,0.9615,nyc
294,141201060001nyc,14120106nyc,14nyc,2019,0.0,91,0.0,0.0,0.0,103,23.301,96.1165,0.9709,1.9417,nyc
295,141201060001nyc,14120106nyc,14nyc,2021,0.0,0,0.36,0.0,0.72,2,0.0,100.0,0.0,0.0,nyc
296,141301060006nyc,14130106nyc,14nyc,2017,0.0,96,0.0,0.0,0.0,195,17.9487,93.3333,0.5128,2.5641,nyc
297,141301060006nyc,14130106nyc,14nyc,2018,0.0,98,0.0,0.0,0.0,208,19.2308,94.7115,0.9615,0.9615,nyc
298,141301060006nyc,14130106nyc,14nyc,2019,0.0,100,0.0,0.0,0.0,171,19.883,95.3216,0.0,0.5848,nyc
299,141301060006nyc,14130106nyc,14nyc,2021,0.0,93,0.34,0.0,0.68,100,17.0,95.0,2.0,2.0,nyc
300,141401060003nyc,14140106nyc,14nyc,2017,0.0,90,0.0,0.0,0.0,204,43.6275,82.3529,1.4706,2.451,nyc
301,141401060003nyc,14140106nyc,14nyc,2018,0.0,82,0.0,0.0,0.0,232,43.9655,85.7759,1.7241,1.2931,nyc
302,141401060003nyc,14140106nyc,14nyc,2019,0.0,87,0.0,0.0,0.0,228,45.1754,79.386,2.193,0.8772,nyc
303,141401060003nyc,14140106nyc,14nyc,2021,0.0,67,0.5,0.0,1.0,9,77.7778,77.7778,0.0,11.1111,nyc
304,141501060004nyc,14150106nyc,14nyc,2017,0.0,97,0.0,0.0,0.0,243,21.3992,89.3004,1.2346,4.1152,nyc
305,141501060004nyc,14150106nyc,14nyc,2018,0.0,94,0.0,0.0,0.0,245,24.0816,89.7959,1.6327,4.0816,nyc
306,141501060004nyc,14150106nyc,14nyc,2019,0.0,96,0.0,0.0,0.0,251,26.2948,86.0558,2.3904,5.5777,nyc
307,141501060004nyc,14150106nyc,14nyc,2021,0.0,93,0.3,0.0,0.6,55,20.0,85.4545,1.8182,5.4545,nyc
308,141601060007nyc,14160106nyc,14nyc,2017,0.0,95,0.0,0.0,0.0,281,21.7082,94.6619,0.0,2.4911,nyc
309,141601060007nyc,14160106nyc,14nyc,2018,0.0,97,0.0,0.0,0.0,323,19.195,96.5944,0.3096,0.9288,nyc
310,141601060007nyc,14160106nyc,14nyc,2019,0.0,98,0.0,0.0,0.0,250,22.4,96.0,0.4,1.6,nyc
311,141601060007nyc,14160106nyc,14nyc,2021,0.0,80,0.46,0.0,0.92,20,55.0,90.0,0.0,0.0,nyc
312,141604060008nyc,14160406nyc,14nyc,2017,0.0,90,0.0,0.0,0.0,432,29.6296,90.5093,0.6944,4.6296,nyc
313,141604060008nyc,14160406nyc,14nyc,2018,0.0,90,0.0,0.0,0.0,374,27.8075,91.4439,0.8021,5.3476,nyc
314,141604060008nyc,14160406nyc,14nyc,2019,0.0,92,0.0,0.0,0.0,400,29.25,92.25,0.75,3.25,nyc
315,141604060008nyc,14160406nyc,14nyc,2021,0.0,38,0.5,0.08,0.84,16,68.75,81.25,0.0,0.0,nyc
316,141701040001nyc,14170104nyc,14nyc,2017,0.0,94,0.0,0.0,0.0,77,25.974,98.7013,0.0,1.2987,nyc
317,141701040001nyc,14170104nyc,14nyc,2018,0.0,95,0.0,0.0,0.0,66,19.697,98.4848,0.0,0.0,nyc
318,141701040001nyc,14170104nyc,14nyc,2019,0.0,95,0.0,0.0,0.0,81,20.9877,98.7654,0.0,1.2346,nyc
319,141701040001nyc,14170104nyc,14nyc,2021,0.0,87,0.46,0.0,0.92,23,21.7391,95.6522,4.3478,0.0,nyc
320,141800010008nyc,14180001nyc,14nyc,2017,0.0,67,0.0,0.0,0.0,144,84.0278,64.5833,19.4444,13.8889,nyc
321,141800010008nyc,14180001nyc,14nyc,2018,0.0,71,0.0,0.0,0.0,173,84.3931,64.1618,18.4971,13.8728,nyc
322,141800010008nyc,14180001nyc,14nyc,2019,0.0,75,0.0,0.0,0.0,172,80.2326,70.9302,15.1163,11.0465,nyc
323,141800010008nyc,14180001nyc,14nyc,2021,0.0,80,0.5,0.08,0.84,20,65.0,90.0,5.0,5.0,nyc
324,141901060008nyc,14190106nyc,14nyc,2017,0.0,96,0.0,0.0,0.0,525,19.2381,93.1429,0.7619,3.4286,nyc
325,141901060008nyc,14190106nyc,14nyc,2018,0.0,97,0.0,0.0,0.0,436,19.4954,94.4954,1.6055,2.5229,nyc
326,141901060008nyc,14190106nyc,14nyc,2019,0.0,97,0.0,0.0,0.0,475,22.1053,93.2632,1.6842,3.1579,nyc
327,141901060008nyc,14190106nyc,14nyc,2021,0.0,84,0.38,0.0,0.76,19,36.8421,89.4737,10.5263,0.0,nyc
328,142101040002nyc,14210104nyc,14nyc,2017,0.0,96,0.0,0.0,0.0,122,29.5082,88.5246,0.0,0.0,nyc
329,142101040002nyc,14210104nyc,14nyc,2018,0.0,94,0.0,0.0,0.0,95,34.7368,84.2105,1.0526,1.0526,nyc
330,142101040002nyc,14210104nyc,14nyc,2019,0.0,98,0.0,0.0,0.0,88,37.5,86.3636,0.0,0.0,nyc
331,142101040002nyc,14210104nyc,14nyc,2021,0.0,79,0.46,0.0,0.92,14,64.2857,57.1429,0.0,0.0,nyc
335,142301060006nyc,14230106nyc,14nyc,2017,0.0,98,0.0,0.0,0.0,382,14.3979,92.6702,0.7853,1.5707,nyc
336,142301060006nyc,14230106nyc,14nyc,2018,0.0,93,0.0,0.0,0.0,372,12.0968,94.6237,1.0753,2.4194,nyc
337,142301060006nyc,14230106nyc,14nyc,2019,0.0,96,0.0,0.0,0.0,405,13.8272,94.5679,0.9877,1.2346,nyc
338,142301060006nyc,14230106nyc,14nyc,2021,0.0,0,0.44,0.0,0.88,2,50.0,100.0,0.0,0.0,nyc
339,142500010009nyc,14250001nyc,14nyc,2017,0.0,84,0.0,0.0,0.0,140,45.7143,92.8571,2.8571,2.8571,nyc
340,142500010009nyc,14250001nyc,14nyc,2018,0.0,80,0.0,0.0,0.0,144,44.4444,87.5,2.0833,5.5556,nyc
341,142500010009nyc,14250001nyc,14nyc,2019,0.0,82,0.0,0.0,0.0,139,48.9209,92.8058,2.8777,2.8777,nyc
342,142500010009nyc,14250001nyc,14nyc,2021,0.0,79,0.34,0.0,0.68,39,61.5385,82.0513,2.5641,12.8205,nyc
343,142601030025nyc,14260103nyc,14nyc,2017,0.0,90,0.0,0.0,0.0,238,35.2941,86.5546,6.7227,3.7815,nyc
344,142601030025nyc,14260103nyc,14nyc,2018,0.0,87,0.0,0.0,0.0,216,42.5926,86.1111,5.0926,5.5556,nyc
345,142601030025nyc,14260103nyc,14nyc,2019,0.0,91,0.0,0.0,0.0,260,43.8462,81.1538,8.0769,4.6154,nyc
346,142601030025nyc,14260103nyc,14nyc,2021,0.0,100,0.46,0.0,0.92,5,0.0,100.0,0.0,0.0,nyc
347,142601030026nyc,14260103nyc,14nyc,2017,0.0,92,0.0,0.0,0.0,296,40.2027,80.4054,7.7703,7.0946,nyc
348,142601030026nyc,14260103nyc,14nyc,2018,0.0,83,0.0,0.0,0.0,330,46.6667,77.2727,6.3636,6.9697,nyc
349,142601030026nyc,14260103nyc,14nyc,2019,0.0,84,0.0,0.0,0.0,282,52.1277,73.7589,9.9291,8.8652,nyc
350,142601030026nyc,14260103nyc,14nyc,2021,0.0,100,0.46,0.0,0.92,13,15.3846,100.0,0.0,0.0,nyc
351,142801060010nyc,14280106nyc,14nyc,2017,0.0,86,0.0,0.0,0.0,292,37.6712,95.8904,2.0548,1.3699,nyc
352,142801060010nyc,14280106nyc,14nyc,2018,0.0,78,0.0,0.0,0.0,355,37.7465,89.0141,3.662,3.662,nyc
353,142801060010nyc,14280106nyc,14nyc,2019,0.0,89,0.0,0.0,0.0,353,34.8442,86.4023,3.6827,5.3824,nyc
354,142801060010nyc,14280106nyc,14nyc,2021,0.0,69,0.48,0.04,0.88,13,38.4615,92.3077,0.0,0.0,nyc
355,142801060016nyc,14280106nyc,14nyc,2017,0.0,86,0.0,0.0,0.0,263,34.981,92.3954,2.2814,1.1407,nyc
356,142801060016nyc,14280106nyc,14nyc,2018,0.0,74,0.0,0.0,0.0,230,39.1304,84.7826,6.5217,3.0435,nyc
357,142801060016nyc,14280106nyc,14nyc,2019,0.0,88,0.0,0.0,0.0,246,43.0894,84.5528,6.9106,4.065,nyc
358,142801060016nyc,14280106nyc,14nyc,2021,0.0,50,0.48,0.04,0.88,8,37.5,75.0,12.5,12.5,nyc
359,150203040001nyc,15020304nyc,15nyc,2017,0.0,94,0.0,0.0,0.0,19,57.8947,100.0,0.0,0.0,nyc
360,150203040001nyc,15020304nyc,15nyc,2018,0.0,88,0.0,0.0,0.0,25,60.0,100.0,0.0,0.0,nyc
361,150203040001nyc,15020304nyc,15nyc,2019,0.0,100,0.0,0.0,0.0,20,80.0,95.0,0.0,0.0,nyc
362,150203040001nyc,15020304nyc,15nyc,2021,0.0,100,0.02,0.0,0.04,17,29.4118,100.0,0.0,0.0,nyc
363,150601040001nyc,15060104nyc,15nyc,2017,0.0,100,0.0,0.0,0.0,17,47.0588,70.5882,11.7647,11.7647,nyc
364,150601040001nyc,15060104nyc,15nyc,2018,0.0,100,0.0,0.0,0.0,8,50.0,100.0,0.0,0.0,nyc
365,150601040001nyc,15060104nyc,15nyc,2019,0.0,100,0.0,0.0,0.0,11,18.1818,90.9091,9.0909,0.0,nyc
366,150601040001nyc,15060104nyc,15nyc,2021,0.0,100,0.46,0.0,0.92,10,50.0,80.0,10.0,0.0,nyc
367,150801040001nyc,15080104nyc,15nyc,2017,0.0,89,0.0,0.0,0.0,8,50.0,100.0,0.0,0.0,nyc
368,150801040001nyc,15080104nyc,15nyc,2018,0.0,89,0.0,0.0,0.0,9,66.6667,88.8889,0.0,11.1111,nyc
369,150801040001nyc,15080104nyc,15nyc,2019,0.0,0,0.0,0.0,0.0,4,75.0,100.0,0.0,0.0,nyc
370,150801040001nyc,15080104nyc,15nyc,2021,0.0,57,0.46,0.0,0.92,7,28.5714,100.0,0.0,0.0,nyc
374,151001040001nyc,15100104nyc,15nyc,2017,0.0,100,0.0,0.0,0.0,6,16.6667,66.6667,0.0,0.0,nyc
375,151001040001nyc,15100104nyc,15nyc,2018,0.0,100,0.0,0.0,0.0,6,66.6667,100.0,0.0,0.0,nyc
376,151001040001nyc,15100104nyc,15nyc,2019,0.0,71,0.0,0.0,0.0,7,57.1429,100.0,0.0,0.0,nyc
377,151001040001nyc,15100104nyc,15nyc,2021,0.0,57,0.0,0.0,0.0,7,57.1429,71.4286,14.2857,14.2857,nyc
378,151102040001nyc,15110204nyc,15nyc,2017,0.0,95,0.0,0.0,0.0,57,43.8596,87.7193,0.0,3.5088,nyc
379,151102040001nyc,15110204nyc,15nyc,2018,0.0,91,0.0,0.0,0.0,55,36.3636,89.0909,1.8182,1.8182,nyc
380,151102040001nyc,15110204nyc,15nyc,2019,0.0,92,0.0,0.0,0.0,50,44.0,96.0,2.0,0.0,nyc
381,151102040001nyc,15110204nyc,15nyc,2021,0.0,90,0.04,0.04,0.0,52,38.4615,92.3077,1.9231,1.9231,nyc
382,151401040001nyc,15140104nyc,15nyc,2017,0.0,100,0.0,0.0,0.0,15,60.0,93.3333,6.6667,0.0,nyc
383,151401040001nyc,15140104nyc,15nyc,2018,0.0,100,0.0,0.0,0.0,22,54.5455,95.4545,0.0,4.5455,nyc
384,151401040001nyc,15140104nyc,15nyc,2019,0.0,92,0.0,0.0,0.0,25,56.0,100.0,0.0,0.0,nyc
385,151401040001nyc,15140104nyc,15nyc,2021,0.0,81,0.0,0.0,0.0,16,50.0,93.75,0.0,0.0,nyc
386,151501060001nyc,15150106nyc,15nyc,2017,0.0,85,0.0,0.0,0.0,76,38.1579,94.7368,0.0,0.0,nyc
387,151501060001nyc,15150106nyc,15nyc,2018,0.0,79,0.0,0.0,0.0,75,28.0,97.3333,0.0,0.0,nyc
388,151501060001nyc,15150106nyc,15nyc,2019,0.0,72,0.0,0.0,0.0,64,43.75,96.875,1.5625,1.5625,nyc
389,151501060001nyc,15150106nyc,15nyc,2021,0.0,42,0.32,0.0,0.64,12,25.0,100.0,0.0,0.0,nyc
393,160101060001nyc,16010106nyc,16nyc,2017,0.0,87,0.0,0.0,0.0,52,50.0,100.0,0.0,0.0,nyc
394,160101060001nyc,16010106nyc,16nyc,2018,0.0,83,0.0,0.0,0.0,58,60.3448,94.8276,1.7241,1.7241,nyc
395,160101060001nyc,16010106nyc,16nyc,2019,0.0,96,0.0,0.0,0.0,45,33.3333,91.1111,0.0,4.4444,nyc
396,160101060001nyc,16010106nyc,16nyc,2021,0.0,93,0.46,0.0,0.92,43,34.8837,95.3488,0.0,2.3256,nyc
397,160801040002nyc,16080104nyc,16nyc,2017,0.0,100,0.0,0.0,0.0,38,50.0,100.0,0.0,0.0,nyc
398,160801040002nyc,16080104nyc,16nyc,2018,0.0,93,0.0,0.0,0.0,29,31.0345,96.5517,0.0,0.0,nyc
399,160801040002nyc,16080104nyc,16nyc,2019,0.0,91,0.0,0.0,0.0,33,39.3939,96.9697,0.0,0.0,nyc
400,160801040002nyc,16080104nyc,16nyc,2021,0.0,89,0.2,0.16,0.08,36,38.8889,97.2222,0.0,0.0,nyc
404,161401060002nyc,16140106nyc,16nyc,2017,0.0,96,0.0,0.0,0.0,92,30.4348,96.7391,0.0,1.087,nyc
405,161401060002nyc,16140106nyc,16nyc,2018,0.0,82,0.0,0.0,0.0,90,33.3333,96.6667,1.1111,1.1111,nyc
406,161401060002nyc,16140106nyc,16nyc,2019,0.0,84,0.0,0.0,0.0,96,31.25,96.875,0.0,1.0417,nyc
407,161401060002nyc,16140106nyc,16nyc,2021,0.0,100,0.34,0.0,0.68,6,33.3333,66.6667,0.0,0.0,nyc
411,161601040002nyc,16160104nyc,16nyc,2017,0.0,74,0.0,0.0,0.0,71,56.338,98.5915,0.0,0.0,nyc
412,161601040002nyc,16160104nyc,16nyc,2018,0.0,85,0.0,0.0,0.0,52,63.4615,96.1538,0.0,0.0,nyc
413,161601040002nyc,16160104nyc,16nyc,2019,0.0,80,0.0,0.0,0.0,55,50.9091,98.1818,0.0,0.0,nyc
414,161601040002nyc,16160104nyc,16nyc,2021,0.0,100,0.5,0.08,0.84,14,35.7143,100.0,0.0,0.0,nyc
419,170500010009nyc,17050001nyc,17nyc,2017,0.0,75,0.0,0.0,0.0,204,46.0784,88.7255,5.3922,1.9608,nyc
420,170500010009nyc,17050001nyc,17nyc,2018,0.0,70,0.0,0.0,0.0,227,54.6256,81.9383,7.489,5.2863,nyc
421,170500010009nyc,17050001nyc,17nyc,2019,0.0,73,0.0,0.0,0.0,222,64.8649,86.036,4.955,4.955,nyc
422,170500010009nyc,17050001nyc,17nyc,2021,0.0,17,0.46,0.0,0.92,6,50.0,83.3333,0.0,16.6667,nyc
423,170600010006nyc,17060001nyc,17nyc,2017,0.0,86,0.0,0.0,0.0,143,38.4615,95.8042,2.0979,1.3986,nyc
424,170600010006nyc,17060001nyc,17nyc,2018,0.0,84,0.0,0.0,0.0,124,37.0968,95.1613,0.8065,4.0323,nyc
425,170600010006nyc,17060001nyc,17nyc,2019,0.0,84,0.0,0.0,0.0,131,45.8015,90.8397,1.5267,3.8168,nyc
426,170600010006nyc,17060001nyc,17nyc,2021,0.0,90,0.46,0.0,0.92,40,32.5,97.5,0.0,0.0,nyc
427,170801040002nyc,17080104nyc,17nyc,2017,0.0,97,0.0,0.0,0.0,71,45.0704,100.0,0.0,0.0,nyc
428,170801040002nyc,17080104nyc,17nyc,2018,0.0,96,0.0,0.0,0.0,69,46.3768,92.7536,2.8986,1.4493,nyc
429,170801040002nyc,17080104nyc,17nyc,2019,0.0,88,0.0,0.0,0.0,59,44.0678,98.3051,0.0,1.6949,nyc
430,170801040002nyc,17080104nyc,17nyc,2021,0.0,100,0.5,0.08,0.84,6,16.6667,100.0,0.0,0.0,nyc
431,170901040001nyc,17090104nyc,17nyc,2017,0.0,84,0.0,0.0,0.0,44,63.6364,97.7273,0.0,0.0,nyc
432,170901040001nyc,17090104nyc,17nyc,2018,0.0,85,0.0,0.0,0.0,34,52.9412,100.0,0.0,0.0,nyc
433,170901040001nyc,17090104nyc,17nyc,2019,0.0,91,0.0,0.0,0.0,34,55.8824,97.0588,0.0,2.9412,nyc
434,170901040001nyc,17090104nyc,17nyc,2021,0.0,89,0.52,0.12,0.8,36,41.6667,86.1111,0.0,5.5556,nyc
435,171102040004nyc,17110204nyc,17nyc,2017,0.0,88,0.0,0.0,0.0,127,29.9213,96.8504,0.7874,1.5748,nyc
436,171102040004nyc,17110204nyc,17nyc,2018,0.0,90,0.0,0.0,0.0,151,43.0464,94.702,1.9868,2.649,nyc
437,171102040004nyc,17110204nyc,17nyc,2019,0.0,91,0.0,0.0,0.0,149,46.3087,96.6443,2.0134,0.6711,nyc
438,171102040004nyc,17110204nyc,17nyc,2021,0.0,100,0.5,0.08,0.84,6,66.6667,66.6667,16.6667,16.6667,nyc
439,180202040003nyc,18020204nyc,18nyc,2017,0.0,96,0.0,0.0,0.0,66,25.7576,98.4848,1.5152,0.0,nyc
440,180202040003nyc,18020204nyc,18nyc,2018,0.0,85,0.0,0.0,0.0,65,40.0,90.7692,6.1538,1.5385,nyc
441,180202040003nyc,18020204nyc,18nyc,2019,0.0,93,0.0,0.0,0.0,72,20.8333,95.8333,2.7778,0.0,nyc
442,180202040003nyc,18020204nyc,18nyc,2021,0.0,100,0.52,0.04,0.96,6,33.3333,100.0,0.0,0.0,nyc
443,180300010006nyc,18030001nyc,18nyc,2017,0.0,86,0.0,0.0,0.0,188,52.1277,77.6596,4.2553,10.6383,nyc
444,180300010006nyc,18030001nyc,18nyc,2018,0.0,76,0.0,0.0,0.0,165,55.1515,72.1212,10.303,8.4848,nyc
445,180300010006nyc,18030001nyc,18nyc,2019,0.0,79,0.0,0.0,0.0,178,48.8764,75.2809,15.7303,6.1798,nyc
446,180300010006nyc,18030001nyc,18nyc,2021,0.0,74,0.26,0.0,0.52,88,35.2273,81.8182,9.0909,4.5455,nyc
447,180701040001nyc,18070104nyc,18nyc,2017,0.0,89,0.0,0.0,0.0,85,37.6471,89.4118,4.7059,4.7059,nyc
448,180701040001nyc,18070104nyc,18nyc,2018,0.0,80,0.0,0.0,0.0,66,34.8485,92.4242,4.5455,1.5152,nyc
449,180701040001nyc,18070104nyc,18nyc,2019,0.0,90,0.0,0.0,0.0,77,38.961,81.8182,5.1948,9.0909,nyc
450,180701040001nyc,18070104nyc,18nyc,2021,0.0,87,0.5,0.08,0.84,54,44.4444,88.8889,1.8519,5.5556,nyc
451,180901040002nyc,18090104nyc,18nyc,2017,0.0,88,0.0,0.0,0.0,25,40.0,84.0,0.0,16.0,nyc
452,180901040002nyc,18090104nyc,18nyc,2018,0.0,83,0.0,0.0,0.0,30,53.3333,83.3333,0.0,16.6667,nyc
453,180901040002nyc,18090104nyc,18nyc,2019,0.0,96,0.0,0.0,0.0,26,50.0,65.3846,3.8462,26.9231,nyc
454,180901040002nyc,18090104nyc,18nyc,2021,0.0,90,0.2,0.0,0.4,29,55.1724,72.4138,3.4483,24.1379,nyc
455,181001060002nyc,18100106nyc,18nyc,2017,0.0,95,0.0,0.0,0.0,90,32.2222,93.3333,2.2222,3.3333,nyc
456,181001060002nyc,18100106nyc,18nyc,2018,0.0,95,0.0,0.0,0.0,95,27.3684,93.6842,1.0526,3.1579,nyc
457,181001060002nyc,18100106nyc,18nyc,2019,0.0,98,0.0,0.0,0.0,90,35.5556,91.1111,3.3333,2.2222,nyc
458,181001060002nyc,18100106nyc,18nyc,2021,0.0,97,0.24,0.0,0.48,79,21.519,97.4684,0.0,1.2658,nyc
459,181101040001nyc,18110104nyc,18nyc,2017,0.0,87,0.0,0.0,0.0,56,48.2143,92.8571,1.7857,5.3571,nyc
460,181101040001nyc,18110104nyc,18nyc,2018,0.0,80,0.0,0.0,0.0,60,48.3333,95.0,1.6667,3.3333,nyc
461,181101040001nyc,18110104nyc,18nyc,2019,0.0,71,0.0,0.0,0.0,73,60.274,90.411,4.1096,5.4795,nyc
462,181101040001nyc,18110104nyc,18nyc,2021,0.0,67,0.04,0.04,0.0,6,66.6667,100.0,0.0,0.0,nyc
463,181201040001nyc,18120104nyc,18nyc,2017,0.0,95,0.0,0.0,0.0,65,44.6154,96.9231,0.0,3.0769,nyc
464,181201040001nyc,18120104nyc,18nyc,2018,0.0,79,0.0,0.0,0.0,48,47.9167,97.9167,0.0,2.0833,nyc
465,181201040001nyc,18120104nyc,18nyc,2019,0.0,85,0.0,0.0,0.0,53,56.6038,98.1132,1.8868,0.0,nyc
466,181201040001nyc,18120104nyc,18nyc,2021,0.0,89,0.48,0.0,0.96,37,43.2432,94.5946,0.0,5.4054,nyc
467,181302040002nyc,18130204nyc,18nyc,2017,0.0,83,0.0,0.0,0.0,74,32.4324,94.5946,1.3514,1.3514,nyc
468,181302040002nyc,18130204nyc,18nyc,2018,0.0,89,0.0,0.0,0.0,79,36.7089,91.1392,2.5316,0.0,nyc
469,181302040002nyc,18130204nyc,18nyc,2019,0.0,86,0.0,0.0,0.0,86,37.2093,93.0233,1.1628,2.3256,nyc
470,181302040002nyc,18130204nyc,18nyc,2021,0.0,80,0.0,0.0,0.0,5,40.0,100.0,0.0,0.0,nyc
471,190301040003nyc,19030104nyc,19nyc,2017,0.0,89,0.0,0.0,0.0,87,41.3793,85.0575,0.0,6.8966,nyc
472,190301040003nyc,19030104nyc,19nyc,2018,0.0,82,0.0,0.0,0.0,106,41.5094,76.4151,2.8302,10.3774,nyc
473,190301040003nyc,19030104nyc,19nyc,2019,0.0,88,0.0,0.0,0.0,95,51.5789,73.6842,4.2105,15.7895,nyc
474,190301040003nyc,19030104nyc,19nyc,2021,0.0,100,0.48,0.0,0.96,27,22.2222,92.5926,0.0,0.0,nyc
475,190401060003nyc,19040106nyc,19nyc,2017,0.0,79,0.0,0.0,0.0,99,41.4141,65.6566,17.1717,11.1111,nyc
476,190401060003nyc,19040106nyc,19nyc,2018,0.0,80,0.0,0.0,0.0,101,42.5743,73.2673,12.8713,6.9307,nyc
477,190401060003nyc,19040106nyc,19nyc,2019,0.0,87,0.0,0.0,0.0,116,43.1034,69.8276,8.6207,12.931,nyc
478,190401060003nyc,19040106nyc,19nyc,2021,0.0,100,0.54,0.16,0.76,13,15.3846,76.9231,7.6923,0.0,nyc
479,190501040001nyc,19050104nyc,19nyc,2017,0.0,83,0.0,0.0,0.0,99,37.3737,88.8889,3.0303,6.0606,nyc
480,190501040001nyc,19050104nyc,19nyc,2018,0.0,85,0.0,0.0,0.0,116,37.069,81.8966,7.7586,6.8966,nyc
481,190501040001nyc,19050104nyc,19nyc,2019,0.0,79,0.0,0.0,0.0,112,27.6786,83.9286,7.1429,6.25,nyc
482,190501040001nyc,19050104nyc,19nyc,2021,0.0,85,0.08,0.08,0.0,20,20.0,85.0,5.0,5.0,nyc
483,190701040004nyc,19070104nyc,19nyc,2017,0.0,89,0.0,0.0,0.0,127,30.7087,99.2126,0.0,0.0,nyc
484,190701040004nyc,19070104nyc,19nyc,2018,0.0,80,0.0,0.0,0.0,92,39.1304,94.5652,4.3478,0.0,nyc
485,190701040004nyc,19070104nyc,19nyc,2019,0.0,89,0.0,0.0,0.0,99,29.2929,95.9596,1.0101,1.0101,nyc
486,190701040004nyc,19070104nyc,19nyc,2021,0.0,95,0.48,0.0,0.96,20,25.0,100.0,0.0,0.0,nyc
487,190901040001nyc,19090104nyc,19nyc,2017,0.0,80,0.0,0.0,0.0,20,50.0,90.0,0.0,5.0,nyc
488,190901040001nyc,19090104nyc,19nyc,2018,0.0,79,0.0,0.0,0.0,33,54.5455,90.9091,0.0,3.0303,nyc
489,190901040001nyc,19090104nyc,19nyc,2019,0.0,88,0.0,0.0,0.0,33,57.5758,78.7879,0.0,12.1212,nyc
490,190901040001nyc,19090104nyc,19nyc,2021,0.0,100,0.24,0.12,0.24,11,45.4545,72.7273,0.0,18.1818,nyc
491,191401040001nyc,19140104nyc,19nyc,2017,0.0,88,0.0,0.0,0.0,27,40.7407,85.1852,3.7037,7.4074,nyc
492,191401040001nyc,19140104nyc,19nyc,2018,0.0,79,0.0,0.0,0.0,19,26.3158,89.4737,0.0,5.2632,nyc
493,191401040001nyc,19140104nyc,19nyc,2019,0.0,96,0.0,0.0,0.0,24,12.5,87.5,0.0,8.3333,nyc
494,191401040001nyc,19140104nyc,19nyc,2021,0.0,92,0.46,0.0,0.92,25,44.0,76.0,0.0,8.0,nyc
495,200401040001nyc,20040104nyc,20nyc,2017,0.0,88,0.0,0.0,0.0,9,0.0,100.0,0.0,0.0,nyc
496,200401040001nyc,20040104nyc,20nyc,2018,0.0,89,0.0,0.0,0.0,9,22.2222,100.0,0.0,0.0,nyc
497,200401040001nyc,20040104nyc,20nyc,2019,0.0,100,0.0,0.0,0.0,8,25.0,87.5,0.0,12.5,nyc
498,200401040001nyc,20040104nyc,20nyc,2021,0.0,80,0.04,0.04,0.0,10,40.0,80.0,0.0,10.0,nyc
502,200901040001nyc,20090104nyc,20nyc,2017,0.0,90,0.0,0.0,0.0,10,60.0,100.0,0.0,0.0,nyc
503,200901040001nyc,20090104nyc,20nyc,2018,0.0,76,0.0,0.0,0.0,21,42.8571,95.2381,4.7619,0.0,nyc
504,200901040001nyc,20090104nyc,20nyc,2019,0.0,95,0.0,0.0,0.0,21,52.381,90.4762,9.5238,0.0,nyc
505,200901040001nyc,20090104nyc,20nyc,2021,0.0,92,0.04,0.04,0.0,12,25.0,83.3333,8.3333,8.3333,nyc
506,20101040002nyc,2010104nyc,2nyc,2017,0.0,93,0.0,0.0,0.0,45,33.3333,95.5556,0.0,0.0,nyc
507,20101040002nyc,2010104nyc,2nyc,2018,0.0,90,0.0,0.0,0.0,50,32.0,90.0,4.0,0.0,nyc
508,20101040002nyc,2010104nyc,2nyc,2019,0.0,96,0.0,0.0,0.0,49,28.5714,91.8367,2.0408,0.0,nyc
509,20101040002nyc,2010104nyc,2nyc,2021,0.0,100,0.46,0.0,0.92,44,29.5455,95.4545,0.0,4.5455,nyc
510,20601040001nyc,2060104nyc,2nyc,2017,0.0,72,0.0,0.0,0.0,25,56.0,96.0,4.0,0.0,nyc
511,20601040001nyc,2060104nyc,2nyc,2018,0.0,60,0.0,0.0,0.0,5,40.0,80.0,20.0,0.0,nyc
512,20601040001nyc,2060104nyc,2nyc,2019,0.0,86,0.0,0.0,0.0,21,52.381,100.0,0.0,0.0,nyc
513,20601040001nyc,2060104nyc,2nyc,2021,0.0,75,0.28,0.0,0.56,12,58.3333,100.0,0.0,0.0,nyc
514,20702040001nyc,2070204nyc,2nyc,2017,0.0,94,0.0,0.0,0.0,42,42.8571,97.619,2.381,0.0,nyc
515,20702040001nyc,2070204nyc,2nyc,2018,0.0,91,0.0,0.0,0.0,33,30.303,90.9091,3.0303,0.0,nyc
516,20702040001nyc,2070204nyc,2nyc,2019,0.0,95,0.0,0.0,0.0,40,52.5,90.0,2.5,2.5,nyc
517,20702040001nyc,2070204nyc,2nyc,2021,0.0,0,0.28,0.0,0.56,2,100.0,100.0,0.0,0.0,nyc
518,20801040001nyc,2080104nyc,2nyc,2017,0.0,62,0.0,0.0,0.0,26,76.9231,96.1538,0.0,3.8462,nyc
519,20801040001nyc,2080104nyc,2nyc,2018,0.0,76,0.0,0.0,0.0,25,52.0,100.0,0.0,0.0,nyc
520,20801040001nyc,2080104nyc,2nyc,2019,0.0,95,0.0,0.0,0.0,19,47.3684,94.7368,0.0,5.2632,nyc
521,20801040001nyc,2080104nyc,2nyc,2021,0.0,88,0.26,0.0,0.52,16,43.75,100.0,0.0,0.0,nyc
522,210302040003nyc,21030204nyc,21nyc,2017,0.0,90,0.0,0.0,0.0,53,54.717,98.1132,1.8868,0.0,nyc
523,210302040003nyc,21030204nyc,21nyc,2018,0.0,80,0.0,0.0,0.0,56,48.2143,92.8571,1.7857,3.5714,nyc
524,210302040003nyc,21030204nyc,21nyc,2019,0.0,90,0.0,0.0,0.0,62,35.4839,96.7742,0.0,3.2258,nyc
525,210302040003nyc,21030204nyc,21nyc,2021,0.0,0,0.5,0.04,0.92,2,50.0,100.0,0.0,0.0,nyc
526,210402060001nyc,21040206nyc,21nyc,2017,0.0,89,0.0,0.0,0.0,100,41.0,95.0,1.0,1.0,nyc
527,210402060001nyc,21040206nyc,21nyc,2018,0.0,81,0.0,0.0,0.0,75,36.0,94.6667,1.3333,0.0,nyc
528,210402060001nyc,21040206nyc,21nyc,2019,0.0,90,0.0,0.0,0.0,80,43.75,95.0,2.5,1.25,nyc
529,210402060001nyc,21040206nyc,21nyc,2021,0.0,83,0.56,0.24,0.64,6,33.3333,100.0,0.0,0.0,nyc
530,210601060005nyc,21060106nyc,21nyc,2017,0.0,76,0.0,0.0,0.0,87,40.2299,91.954,3.4483,2.2989,nyc
531,210601060005nyc,21060106nyc,21nyc,2018,0.0,72,0.0,0.0,0.0,72,56.9444,91.6667,4.1667,1.3889,nyc
532,210601060005nyc,21060106nyc,21nyc,2019,0.0,70,0.0,0.0,0.0,79,60.7595,89.8734,3.7975,1.2658,nyc
533,210601060005nyc,21060106nyc,21nyc,2021,0.0,75,0.46,0.0,0.92,61,67.2131,85.2459,1.6393,3.2787,nyc
534,210800050005nyc,21080005nyc,21nyc,2017,0.0,83,0.0,0.0,0.0,79,49.3671,96.2025,1.2658,0.0,nyc
535,210800050005nyc,21080005nyc,21nyc,2018,0.0,72,0.0,0.0,0.0,85,50.5882,98.8235,0.0,0.0,nyc
536,210800050005nyc,21080005nyc,21nyc,2019,0.0,82,0.0,0.0,0.0,82,60.9756,90.2439,1.2195,2.439,nyc
537,210800050005nyc,21080005nyc,21nyc,2021,0.0,100,0.44,0.0,0.88,10,30.0,100.0,0.0,0.0,nyc
538,211003040002nyc,21100304nyc,21nyc,2017,0.0,81,0.0,0.0,0.0,75,58.6667,100.0,0.0,0.0,nyc
539,211003040002nyc,21100304nyc,21nyc,2018,0.0,75,0.0,0.0,0.0,72,61.1111,100.0,0.0,0.0,nyc
540,211003040002nyc,21100304nyc,21nyc,2019,0.0,85,0.0,0.0,0.0,71,60.5634,95.7746,2.8169,1.4085,nyc
541,211003040002nyc,21100304nyc,21nyc,2021,0.0,89,0.36,0.04,0.64,9,55.5556,100.0,0.0,0.0,nyc
542,21102040001nyc,2110204nyc,2nyc,2017,0.0,94,0.0,0.0,0.0,18,44.4444,100.0,0.0,0.0,nyc
543,21102040001nyc,2110204nyc,2nyc,2018,0.0,93,0.0,0.0,0.0,14,42.8571,92.8571,0.0,0.0,nyc
544,21102040001nyc,2110204nyc,2nyc,2019,0.0,86,0.0,0.0,0.0,14,57.1429,92.8571,0.0,7.1429,nyc
545,21102040001nyc,2110204nyc,2nyc,2021,0.0,94,0.0,0.0,0.0,18,72.2222,83.3333,0.0,16.6667,nyc
546,211103040001nyc,21110304nyc,21nyc,2017,0.0,95,0.0,0.0,0.0,39,53.8462,92.3077,2.5641,2.5641,nyc
547,211103040001nyc,21110304nyc,21nyc,2018,0.0,87,0.0,0.0,0.0,53,41.5094,94.3396,1.8868,0.0,nyc
548,211103040001nyc,21110304nyc,21nyc,2019,0.0,95,0.0,0.0,0.0,40,40.0,92.5,0.0,5.0,nyc
549,211103040001nyc,21110304nyc,21nyc,2021,0.0,97,0.08,0.08,0.0,35,31.4286,94.2857,0.0,2.8571,nyc
550,211701040001nyc,21170104nyc,21nyc,2017,0.0,80,0.0,0.0,0.0,15,26.6667,93.3333,6.6667,0.0,nyc
551,211701040001nyc,21170104nyc,21nyc,2018,0.0,78,0.0,0.0,0.0,23,39.1304,100.0,0.0,0.0,nyc
552,211701040001nyc,21170104nyc,21nyc,2019,0.0,91,0.0,0.0,0.0,22,72.7273,100.0,0.0,0.0,nyc
553,211701040001nyc,21170104nyc,21nyc,2021,0.0,67,0.48,0.04,0.88,9,22.2222,100.0,0.0,0.0,nyc
554,211901020001nyc,21190102nyc,21nyc,2017,0.0,100,0.0,0.0,0.0,25,48.0,96.0,0.0,4.0,nyc
555,211901020001nyc,21190102nyc,21nyc,2018,0.0,100,0.0,0.0,0.0,25,36.0,100.0,0.0,0.0,nyc
556,211901020001nyc,21190102nyc,21nyc,2019,0.0,100,0.0,0.0,0.0,25,44.0,96.0,4.0,0.0,nyc
557,211901020001nyc,21190102nyc,21nyc,2021,0.0,100,0.04,0.04,0.0,13,53.8462,100.0,0.0,0.0,nyc
558,212001040003nyc,21200104nyc,21nyc,2017,0.0,83,0.0,0.0,0.0,76,46.0526,97.3684,1.3158,0.0,nyc
559,212001040003nyc,21200104nyc,21nyc,2018,0.0,82,0.0,0.0,0.0,95,50.5263,98.9474,1.0526,0.0,nyc
560,212001040003nyc,21200104nyc,21nyc,2019,0.0,82,0.0,0.0,0.0,98,55.102,90.8163,1.0204,8.1633,nyc
561,212001040003nyc,21200104nyc,21nyc,2021,0.0,91,0.3,0.12,0.36,94,39.3617,97.8723,2.1277,0.0,nyc
565,21601040004nyc,2160104nyc,2nyc,2017,0.0,100,0.0,0.0,0.0,21,76.1905,100.0,0.0,0.0,nyc
566,21601040004nyc,2160104nyc,2nyc,2018,0.0,85,0.0,0.0,0.0,26,57.6923,88.4615,0.0,7.6923,nyc
567,21601040004nyc,2160104nyc,2nyc,2019,0.0,88,0.0,0.0,0.0,26,50.0,88.4615,0.0,3.8462,nyc
568,21601040004nyc,2160104nyc,2nyc,2021,0.0,100,0.46,0.0,0.92,13,38.4615,100.0,0.0,0.0,nyc
569,22001040001nyc,2200104nyc,2nyc,2017,0.0,93,0.0,0.0,0.0,42,40.4762,100.0,0.0,0.0,nyc
570,22001040001nyc,2200104nyc,2nyc,2018,0.0,92,0.0,0.0,0.0,52,51.9231,98.0769,0.0,0.0,nyc
571,22001040001nyc,2200104nyc,2nyc,2019,0.0,96,0.0,0.0,0.0,52,51.9231,100.0,0.0,0.0,nyc
572,22001040001nyc,2200104nyc,2nyc,2021,0.0,86,0.48,0.0,0.96,51,49.0196,94.1176,0.0,3.9216,nyc
573,220101040002nyc,22010104nyc,22nyc,2017,0.0,88,0.0,0.0,0.0,164,43.9024,95.122,0.6098,2.439,nyc
574,220101040002nyc,22010104nyc,22nyc,2018,0.0,84,0.0,0.0,0.0,150,46.6667,93.3333,2.0,2.6667,nyc
575,220101040002nyc,22010104nyc,22nyc,2019,0.0,87,0.0,0.0,0.0,136,50.7353,90.4412,2.2059,3.6765,nyc
576,220101040002nyc,22010104nyc,22nyc,2021,0.0,87,0.48,0.0,0.96,69,42.029,97.1014,0.0,1.4493,nyc
577,220202040002nyc,22020204nyc,22nyc,2017,0.0,93,0.0,0.0,0.0,42,57.1429,92.8571,2.381,2.381,nyc
578,220202040002nyc,22020204nyc,22nyc,2018,0.0,96,0.0,0.0,0.0,52,36.5385,100.0,0.0,0.0,nyc
579,220202040002nyc,22020204nyc,22nyc,2019,0.0,100,0.0,0.0,0.0,36,41.6667,97.2222,0.0,2.7778,nyc
580,220202040002nyc,22020204nyc,22nyc,2021,0.0,100,0.14,0.0,0.28,32,31.25,93.75,3.125,3.125,nyc
581,220301060007nyc,22030106nyc,22nyc,2017,0.0,93,0.0,0.0,0.0,232,46.9828,69.3966,11.2069,11.6379,nyc
582,220301060007nyc,22030106nyc,22nyc,2018,0.0,80,0.0,0.0,0.0,207,55.0725,70.0483,12.0773,10.1449,nyc
583,220301060007nyc,22030106nyc,22nyc,2019,0.0,93,0.0,0.0,0.0,229,52.4017,71.6157,7.4236,12.2271,nyc
584,220301060007nyc,22030106nyc,22nyc,2021,0.0,100,0.48,0.0,0.96,8,50.0,75.0,12.5,12.5,nyc
585,220401040004nyc,22040104nyc,22nyc,2017,0.0,97,0.0,0.0,0.0,106,40.566,94.3396,2.8302,0.9434,nyc
586,220401040004nyc,22040104nyc,22nyc,2018,0.0,87,0.0,0.0,0.0,106,32.0755,94.3396,0.9434,3.7736,nyc
587,220401040004nyc,22040104nyc,22nyc,2019,0.0,88,0.0,0.0,0.0,117,29.9145,94.0171,1.7094,2.5641,nyc
588,220401040004nyc,22040104nyc,22nyc,2021,0.0,85,0.46,0.0,0.92,34,32.3529,88.2353,8.8235,0.0,nyc
589,220701040003nyc,22070104nyc,22nyc,2017,0.0,90,0.0,0.0,0.0,88,36.3636,94.3182,1.1364,3.4091,nyc
590,220701040003nyc,22070104nyc,22nyc,2018,0.0,84,0.0,0.0,0.0,68,48.5294,92.6471,2.9412,2.9412,nyc
591,220701040003nyc,22070104nyc,22nyc,2019,0.0,92,0.0,0.0,0.0,78,46.1538,89.7436,1.2821,2.5641,nyc
592,220701040003nyc,22070104nyc,22nyc,2021,0.0,100,0.46,0.0,0.92,12,8.3333,100.0,0.0,0.0,nyc
593,220909040010nyc,22090904nyc,22nyc,2017,0.0,69,0.0,0.0,0.0,33,57.5758,93.9394,0.0,0.0,nyc
594,220909040010nyc,22090904nyc,22nyc,2018,0.0,77,0.0,0.0,0.0,30,50.0,96.6667,3.3333,0.0,nyc
595,220909040010nyc,22090904nyc,22nyc,2019,0.0,85,0.0,0.0,0.0,34,47.0588,97.0588,2.9412,0.0,nyc
596,220909040010nyc,22090904nyc,22nyc,2021,0.0,95,0.48,0.0,0.96,22,27.2727,90.9091,0.0,0.0,nyc
597,221001040001nyc,22100104nyc,22nyc,2017,0.0,92,0.0,0.0,0.0,48,31.25,93.75,0.0,2.0833,nyc
598,221001040001nyc,22100104nyc,22nyc,2018,0.0,85,0.0,0.0,0.0,33,36.3636,93.9394,0.0,0.0,nyc
599,221001040001nyc,22100104nyc,22nyc,2019,0.0,88,0.0,0.0,0.0,40,35.0,97.5,0.0,0.0,nyc
600,221001040001nyc,22100104nyc,22nyc,2021,0.0,86,0.46,0.0,0.92,22,40.9091,90.9091,4.5455,4.5455,nyc
601,22101040001nyc,2210104nyc,2nyc,2017,0.0,92,0.0,0.0,0.0,14,57.1429,100.0,0.0,0.0,nyc
602,22101040001nyc,2210104nyc,2nyc,2018,0.0,94,0.0,0.0,0.0,17,52.9412,100.0,0.0,0.0,nyc
603,22101040001nyc,2210104nyc,2nyc,2019,0.0,100,0.0,0.0,0.0,14,57.1429,100.0,0.0,0.0,nyc
604,22101040001nyc,2210104nyc,2nyc,2021,0.0,100,0.0,0.0,0.0,12,41.6667,100.0,0.0,0.0,nyc
605,221301040001nyc,22130104nyc,22nyc,2017,0.0,96,0.0,0.0,0.0,22,50.0,100.0,0.0,0.0,nyc
606,221301040001nyc,22130104nyc,22nyc,2018,0.0,68,0.0,0.0,0.0,28,57.1429,100.0,0.0,0.0,nyc
607,221301040001nyc,22130104nyc,22nyc,2019,0.0,96,0.0,0.0,0.0,28,46.4286,92.8571,0.0,3.5714,nyc
608,221301040001nyc,22130104nyc,22nyc,2021,0.0,88,0.0,0.0,0.0,8,37.5,87.5,0.0,0.0,nyc
609,221401040001nyc,22140104nyc,22nyc,2017,0.0,91,0.0,0.0,0.0,45,51.1111,91.1111,0.0,2.2222,nyc
610,221401040001nyc,22140104nyc,22nyc,2018,0.0,94,0.0,0.0,0.0,49,57.1429,91.8367,0.0,2.0408,nyc
611,221401040001nyc,22140104nyc,22nyc,2019,0.0,94,0.0,0.0,0.0,49,40.8163,93.8776,0.0,0.0,nyc
612,221401040001nyc,22140104nyc,22nyc,2021,0.0,90,0.3,0.0,0.6,39,38.4615,89.7436,2.5641,7.6923,nyc
613,222000010016nyc,22200001nyc,22nyc,2017,0.0,95,0.0,0.0,0.0,263,56.654,76.4259,7.9848,8.365,nyc
614,222000010016nyc,22200001nyc,22nyc,2018,0.0,87,0.0,0.0,0.0,231,64.5022,71.8615,9.5238,12.987,nyc
615,222000010016nyc,22200001nyc,22nyc,2019,0.0,93,0.0,0.0,0.0,259,61.7761,68.7259,6.5637,11.1969,nyc
616,222000010016nyc,22200001nyc,22nyc,2021,0.0,78,0.52,0.12,0.8,40,47.5,80.0,7.5,10.0,nyc
617,222201060001nyc,22220106nyc,22nyc,2017,0.0,85,0.0,0.0,0.0,235,43.4043,82.5532,3.4043,5.5319,nyc
618,222201060001nyc,22220106nyc,22nyc,2018,0.0,78,0.0,0.0,0.0,247,52.2267,76.5182,6.4777,8.9069,nyc
619,222201060001nyc,22220106nyc,22nyc,2019,0.0,87,0.0,0.0,0.0,246,47.9675,71.5447,6.5041,10.9756,nyc
620,222201060001nyc,22220106nyc,22nyc,2021,0.0,88,0.52,0.12,0.8,111,41.4414,78.3784,6.3063,7.2072,nyc
621,22302040001nyc,2230204nyc,2nyc,2017,0.0,91,0.0,0.0,0.0,66,53.0303,90.9091,1.5152,4.5455,nyc
622,22302040001nyc,2230204nyc,2nyc,2018,0.0,85,0.0,0.0,0.0,66,53.0303,90.9091,3.0303,3.0303,nyc
623,22302040001nyc,2230204nyc,2nyc,2019,0.0,89,0.0,0.0,0.0,71,47.8873,97.1831,1.4085,0.0,nyc
624,22302040001nyc,2230204nyc,2nyc,2021,0.0,90,0.44,0.0,0.88,10,50.0,100.0,0.0,0.0,nyc
625,22401040003nyc,2240104nyc,2nyc,2017,0.0,83,0.0,0.0,0.0,24,66.6667,91.6667,0.0,0.0,nyc
626,22401040003nyc,2240104nyc,2nyc,2018,0.0,80,0.0,0.0,0.0,30,53.3333,93.3333,0.0,3.3333,nyc
627,22401040003nyc,2240104nyc,2nyc,2019,0.0,100,0.0,0.0,0.0,29,37.931,100.0,0.0,0.0,nyc
628,22401040003nyc,2240104nyc,2nyc,2021,0.0,91,0.0,0.0,0.0,23,47.8261,86.9565,8.6957,0.0,nyc
629,22601060004nyc,2260106nyc,2nyc,2017,0.0,88,0.0,0.0,0.0,103,53.3981,91.2621,0.9709,2.9126,nyc
630,22601060004nyc,2260106nyc,2nyc,2018,0.0,88,0.0,0.0,0.0,120,50.8333,95.0,2.5,1.6667,nyc
631,22601060004nyc,2260106nyc,2nyc,2019,0.0,97,0.0,0.0,0.0,88,39.7727,92.0455,3.4091,2.2727,nyc
632,22601060004nyc,2260106nyc,2nyc,2021,0.0,0,0.24,0.0,0.48,3,0.0,100.0,0.0,0.0,nyc
633,22902040001nyc,2290204nyc,2nyc,2017,0.0,89,0.0,0.0,0.0,57,59.6491,96.4912,0.0,3.5088,nyc
634,22902040001nyc,2290204nyc,2nyc,2018,0.0,84,0.0,0.0,0.0,44,59.0909,95.4545,0.0,2.2727,nyc
635,22902040001nyc,2290204nyc,2nyc,2019,0.0,83,0.0,0.0,0.0,60,51.6667,96.6667,3.3333,0.0,nyc
636,22902040001nyc,2290204nyc,2nyc,2021,0.0,88,0.46,0.0,0.92,43,48.8372,95.3488,0.0,2.3256,nyc
637,230201040001nyc,23020104nyc,23nyc,2017,0.0,80,0.0,0.0,0.0,35,34.2857,94.2857,0.0,5.7143,nyc
638,230201040001nyc,23020104nyc,23nyc,2018,0.0,86,0.0,0.0,0.0,37,37.8378,89.1892,2.7027,2.7027,nyc
639,230201040001nyc,23020104nyc,23nyc,2019,0.0,85,0.0,0.0,0.0,34,35.2941,94.1176,0.0,2.9412,nyc
640,230201040001nyc,23020104nyc,23nyc,2021,0.0,93,0.0,0.0,0.0,29,37.931,96.5517,0.0,3.4483,nyc
641,230301040002nyc,23030104nyc,23nyc,2017,0.0,79,0.0,0.0,0.0,32,46.875,100.0,0.0,0.0,nyc
642,230301040002nyc,23030104nyc,23nyc,2018,0.0,74,0.0,0.0,0.0,46,50.0,93.4783,2.1739,0.0,nyc
643,230301040002nyc,23030104nyc,23nyc,2019,0.0,75,0.0,0.0,0.0,51,45.098,96.0784,1.9608,0.0,nyc
644,230301040002nyc,23030104nyc,23nyc,2021,0.0,72,0.22,0.0,0.44,25,40.0,92.0,0.0,4.0,nyc
645,230901040002nyc,23090104nyc,23nyc,2017,0.0,97,0.0,0.0,0.0,101,42.5743,94.0594,2.9703,0.9901,nyc
646,230901040002nyc,23090104nyc,23nyc,2018,0.0,93,0.0,0.0,0.0,103,36.8932,95.1456,0.0,1.9417,nyc
647,230901040002nyc,23090104nyc,23nyc,2019,0.0,96,0.0,0.0,0.0,103,47.5728,95.1456,3.8835,0.0,nyc
648,230901040002nyc,23090104nyc,23nyc,2021,0.0,95,0.46,0.0,0.92,92,39.1304,95.6522,3.2609,0.0,nyc
649,231101040007nyc,23110104nyc,23nyc,2017,0.0,93,0.0,0.0,0.0,74,62.1622,90.5405,0.0,1.3514,nyc
650,231101040007nyc,23110104nyc,23nyc,2018,0.0,88,0.0,0.0,0.0,60,60.0,95.0,0.0,0.0,nyc
651,231101040007nyc,23110104nyc,23nyc,2019,0.0,79,0.0,0.0,0.0,78,65.3846,92.3077,1.2821,3.8462,nyc
652,231101040007nyc,23110104nyc,23nyc,2021,0.0,84,0.5,0.04,0.92,44,47.7273,97.7273,0.0,0.0,nyc
653,231301040002nyc,23130104nyc,23nyc,2017,0.0,95,0.0,0.0,0.0,66,51.5152,93.9394,3.0303,1.5152,nyc
654,231301040002nyc,23130104nyc,23nyc,2018,0.0,90,0.0,0.0,0.0,71,53.5211,95.7746,0.0,4.2254,nyc
655,231301040002nyc,23130104nyc,23nyc,2019,0.0,91,0.0,0.0,0.0,70,41.4286,98.5714,0.0,1.4286,nyc
656,231301040002nyc,23130104nyc,23nyc,2021,0.0,86,0.46,0.0,0.92,28,42.8571,100.0,0.0,0.0,nyc
657,240101040002nyc,24010104nyc,24nyc,2017,0.0,96,0.0,0.0,0.0,83,20.4819,91.5663,3.6145,1.2048,nyc
658,240101040002nyc,24010104nyc,24nyc,2018,0.0,93,0.0,0.0,0.0,57,26.3158,92.9825,0.0,3.5088,nyc
659,240101040002nyc,24010104nyc,24nyc,2019,0.0,90,0.0,0.0,0.0,94,28.7234,88.2979,1.0638,7.4468,nyc
660,240101040002nyc,24010104nyc,24nyc,2021,0.0,88,0.46,0.0,0.92,77,22.0779,96.1039,1.2987,2.5974,nyc
661,240201040002nyc,24020104nyc,24nyc,2017,0.0,97,0.0,0.0,0.0,80,30.0,93.75,3.75,1.25,nyc
662,240201040002nyc,24020104nyc,24nyc,2018,0.0,91,0.0,0.0,0.0,64,31.25,92.1875,4.6875,1.5625,nyc
663,240201040002nyc,24020104nyc,24nyc,2019,0.0,88,0.0,0.0,0.0,69,37.6812,92.7536,2.8986,1.4493,nyc
664,240201040002nyc,24020104nyc,24nyc,2021,0.0,97,0.14,0.0,0.28,31,25.8065,93.5484,0.0,0.0,nyc
665,240401040001nyc,24040104nyc,24nyc,2017,0.0,88,0.0,0.0,0.0,69,36.2319,88.4058,1.4493,7.2464,nyc
666,240401040001nyc,24040104nyc,24nyc,2018,0.0,79,0.0,0.0,0.0,78,29.4872,87.1795,2.5641,7.6923,nyc
667,240401040001nyc,24040104nyc,24nyc,2019,0.0,88,0.0,0.0,0.0,75,33.3333,86.6667,1.3333,6.6667,nyc
668,240401040001nyc,24040104nyc,24nyc,2021,0.0,100,0.46,0.0,0.92,17,0.0,94.1176,0.0,0.0,nyc
669,240801060002nyc,24080106nyc,24nyc,2017,0.0,91,0.0,0.0,0.0,156,27.5641,96.1538,1.2821,1.2821,nyc
670,240801060002nyc,24080106nyc,24nyc,2018,0.0,86,0.0,0.0,0.0,125,32.0,98.4,0.8,0.8,nyc
671,240801060002nyc,24080106nyc,24nyc,2019,0.0,87,0.0,0.0,0.0,135,37.7778,97.037,0.7407,0.7407,nyc
672,240801060002nyc,24080106nyc,24nyc,2021,0.0,96,0.0,0.0,0.0,25,16.0,100.0,0.0,0.0,nyc
673,240901040001nyc,24090104nyc,24nyc,2017,0.0,87,0.0,0.0,0.0,33,57.5758,57.5758,0.0,39.3939,nyc
674,240901040001nyc,24090104nyc,24nyc,2018,0.0,85,0.0,0.0,0.0,41,60.9756,65.8537,0.0,29.2683,nyc
675,240901040001nyc,24090104nyc,24nyc,2019,0.0,72,0.0,0.0,0.0,39,51.2821,76.9231,0.0,23.0769,nyc
676,240901040001nyc,24090104nyc,24nyc,2021,0.0,80,0.04,0.04,0.0,20,70.0,80.0,0.0,15.0,nyc
677,241001060003nyc,24100106nyc,24nyc,2017,0.0,80,0.0,0.0,0.0,107,53.271,91.5888,0.9346,6.5421,nyc
678,241001060003nyc,24100106nyc,24nyc,2018,0.0,79,0.0,0.0,0.0,126,48.4127,93.6508,1.5873,3.1746,nyc
679,241001060003nyc,24100106nyc,24nyc,2019,0.0,86,0.0,0.0,0.0,123,43.9024,94.3089,2.439,2.439,nyc
680,241001060003nyc,24100106nyc,24nyc,2021,0.0,89,0.46,0.04,0.84,9,22.2222,88.8889,0.0,0.0,nyc
681,241101040003nyc,24110104nyc,24nyc,2017,0.0,90,0.0,0.0,0.0,63,52.381,98.4127,0.0,1.5873,nyc
682,241101040003nyc,24110104nyc,24nyc,2018,0.0,91,0.0,0.0,0.0,57,29.8246,98.2456,0.0,1.7544,nyc
683,241101040003nyc,24110104nyc,24nyc,2019,0.0,82,0.0,0.0,0.0,56,48.2143,98.2143,1.7857,0.0,nyc
684,241101040003nyc,24110104nyc,24nyc,2021,0.0,66,0.46,0.0,0.92,47,48.9362,95.7447,2.1277,0.0,nyc
688,250109040001nyc,25010904nyc,25nyc,2017,0.0,100,0.0,0.0,0.0,17,35.2941,94.1176,5.8824,0.0,nyc
689,250109040001nyc,25010904nyc,25nyc,2018,0.0,87,0.0,0.0,0.0,15,60.0,93.3333,0.0,6.6667,nyc
690,250109040001nyc,25010904nyc,25nyc,2019,0.0,86,0.0,0.0,0.0,21,33.3333,95.2381,4.7619,0.0,nyc
691,250109040001nyc,25010904nyc,25nyc,2021,0.0,0,0.46,0.2,0.52,2,50.0,100.0,0.0,0.0,nyc
692,250201060002nyc,25020106nyc,25nyc,2017,0.0,98,0.0,0.0,0.0,124,14.5161,94.3548,1.6129,1.6129,nyc
693,250201060002nyc,25020106nyc,25nyc,2018,0.0,95,0.0,0.0,0.0,159,22.6415,94.9686,2.5157,1.2579,nyc
694,250201060002nyc,25020106nyc,25nyc,2019,0.0,96,0.0,0.0,0.0,112,16.0714,91.0714,1.7857,5.3571,nyc
695,250201060002nyc,25020106nyc,25nyc,2021,0.0,96,0.0,0.0,0.0,100,13.0,91.0,1.0,3.0,nyc
696,250301040001nyc,25030104nyc,25nyc,2017,0.0,77,0.0,0.0,0.0,34,47.0588,94.1176,2.9412,2.9412,nyc
697,250301040001nyc,25030104nyc,25nyc,2018,0.0,58,0.0,0.0,0.0,31,67.7419,83.871,9.6774,3.2258,nyc
698,250301040001nyc,25030104nyc,25nyc,2019,0.0,81,0.0,0.0,0.0,43,58.1395,88.3721,9.3023,0.0,nyc
699,250301040001nyc,25030104nyc,25nyc,2021,0.0,79,0.08,0.0,0.16,19,36.8421,100.0,0.0,0.0,nyc
700,250401040004nyc,25040104nyc,25nyc,2017,0.0,74,0.0,0.0,0.0,66,66.6667,93.9394,3.0303,0.0,nyc
701,250401040004nyc,25040104nyc,25nyc,2018,0.0,93,0.0,0.0,0.0,43,44.186,90.6977,4.6512,0.0,nyc
702,250401040004nyc,25040104nyc,25nyc,2019,0.0,94,0.0,0.0,0.0,36,47.2222,94.4444,0.0,0.0,nyc
703,250401040004nyc,25040104nyc,25nyc,2021,0.0,90,0.0,0.0,0.0,40,37.5,97.5,0.0,0.0,nyc
704,250701040001nyc,25070104nyc,25nyc,2017,0.0,97,0.0,0.0,0.0,28,28.5714,100.0,0.0,0.0,nyc
705,250701040001nyc,25070104nyc,25nyc,2018,0.0,78,0.0,0.0,0.0,36,22.2222,91.6667,0.0,5.5556,nyc
706,250701040001nyc,25070104nyc,25nyc,2019,0.0,95,0.0,0.0,0.0,42,26.1905,95.2381,0.0,4.7619,nyc
707,250701040001nyc,25070104nyc,25nyc,2021,0.0,89,0.46,0.0,0.92,44,25.0,88.6364,2.2727,4.5455,nyc
708,250901060004nyc,25090106nyc,25nyc,2017,0.0,81,0.0,0.0,0.0,125,59.2,92.0,0.8,4.0,nyc
709,250901060004nyc,25090106nyc,25nyc,2018,0.0,92,0.0,0.0,0.0,110,51.8182,95.4545,0.0,0.9091,nyc
710,250901060004nyc,25090106nyc,25nyc,2019,0.0,91,0.0,0.0,0.0,96,40.625,91.6667,1.0417,1.0417,nyc
711,250901060004nyc,25090106nyc,25nyc,2021,0.0,88,0.46,0.0,0.92,41,46.3415,87.8049,4.878,2.439,nyc
712,251101040003nyc,25110104nyc,25nyc,2017,0.0,82,0.0,0.0,0.0,39,20.5128,97.4359,2.5641,0.0,nyc
713,251101040003nyc,25110104nyc,25nyc,2018,0.0,74,0.0,0.0,0.0,43,46.5116,95.3488,2.3256,0.0,nyc
714,251101040003nyc,25110104nyc,25nyc,2019,0.0,81,0.0,0.0,0.0,43,62.7907,97.6744,2.3256,0.0,nyc
715,251101040003nyc,25110104nyc,25nyc,2021,0.0,73,0.28,0.08,0.4,11,36.3636,100.0,0.0,0.0,nyc
716,251400010009nyc,25140001nyc,25nyc,2017,0.0,81,0.0,0.0,0.0,167,37.7246,97.6048,0.0,1.1976,nyc
717,251400010009nyc,25140001nyc,25nyc,2018,0.0,83,0.0,0.0,0.0,162,40.1235,96.2963,0.0,0.6173,nyc
718,251400010009nyc,25140001nyc,25nyc,2019,0.0,85,0.0,0.0,0.0,155,45.1613,90.3226,1.2903,3.2258,nyc
719,251400010009nyc,25140001nyc,25nyc,2021,0.0,97,0.5,0.08,0.84,71,28.169,92.9577,1.4085,0.0,nyc
720,251501040001nyc,25150104nyc,25nyc,2017,0.0,91,0.0,0.0,0.0,34,23.5294,100.0,0.0,0.0,nyc
721,251501040001nyc,25150104nyc,25nyc,2018,0.0,74,0.0,0.0,0.0,31,41.9355,93.5484,0.0,3.2258,nyc
722,251501040001nyc,25150104nyc,25nyc,2019,0.0,83,0.0,0.0,0.0,35,51.4286,91.4286,0.0,0.0,nyc
723,251501040001nyc,25150104nyc,25nyc,2021,0.0,100,0.04,0.04,0.0,5,40.0,100.0,0.0,0.0,nyc
724,251601060005nyc,25160106nyc,25nyc,2017,0.0,90,0.0,0.0,0.0,157,38.2166,92.9936,1.9108,2.5478,nyc
725,251601060005nyc,25160106nyc,25nyc,2018,0.0,92,0.0,0.0,0.0,154,36.3636,89.6104,3.2468,4.5455,nyc
726,251601060005nyc,25160106nyc,25nyc,2019,0.0,91,0.0,0.0,0.0,142,33.8028,94.3662,1.4085,1.4085,nyc
727,251601060005nyc,25160106nyc,25nyc,2021,0.0,94,0.48,0.0,0.96,102,41.1765,93.1373,0.0,1.9608,nyc
728,260101060004nyc,26010106nyc,26nyc,2017,0.0,95,0.0,0.0,0.0,268,11.9403,72.7612,9.3284,2.9851,nyc
729,260101060004nyc,26010106nyc,26nyc,2018,0.0,96,0.0,0.0,0.0,280,19.2857,70.3571,9.6429,5.0,nyc
730,260101060004nyc,26010106nyc,26nyc,2019,0.0,96,0.0,0.0,0.0,307,23.4528,71.0098,9.4463,4.886,nyc
731,260101060004nyc,26010106nyc,26nyc,2021,0.0,94,0.46,0.0,0.92,32,3.125,68.75,3.125,9.375,nyc
735,260501060008nyc,26050106nyc,26nyc,2017,0.0,82,0.0,0.0,0.0,187,60.4278,58.2888,18.1818,14.9733,nyc
736,260501060008nyc,26050106nyc,26nyc,2018,0.0,77,0.0,0.0,0.0,152,65.7895,56.5789,19.7368,14.4737,nyc
737,260501060008nyc,26050106nyc,26nyc,2019,0.0,80,0.0,0.0,0.0,163,69.9387,47.8528,22.6994,19.0184,nyc
738,260501060008nyc,26050106nyc,26nyc,2021,0.0,0,0.46,0.0,0.92,3,66.6667,33.3333,0.0,33.3333,nyc
742,260501060013nyc,26050106nyc,26nyc,2017,0.0,89,0.0,0.0,0.0,167,44.3114,62.8743,11.976,15.5689,nyc
743,260501060013nyc,26050106nyc,26nyc,2018,0.0,81,0.0,0.0,0.0,155,58.0645,62.5806,16.7742,15.4839,nyc
744,260501060013nyc,26050106nyc,26nyc,2019,0.0,85,0.0,0.0,0.0,163,58.2822,59.5092,19.6319,16.5644,nyc
745,260501060013nyc,26050106nyc,26nyc,2021,0.0,89,0.46,0.0,0.92,27,40.7407,74.0741,11.1111,7.4074,nyc
746,260501060019nyc,26050106nyc,26nyc,2017,0.0,87,0.0,0.0,0.0,295,42.0339,65.7627,14.5763,14.2373,nyc
747,260501060019nyc,26050106nyc,26nyc,2018,0.0,77,0.0,0.0,0.0,287,48.7805,66.2021,17.0732,9.4077,nyc
748,260501060019nyc,26050106nyc,26nyc,2019,0.0,85,0.0,0.0,0.0,283,47.7032,65.0177,19.0813,7.0671,nyc
749,260501060019nyc,26050106nyc,26nyc,2021,0.0,69,0.46,0.0,0.92,35,62.8571,51.4286,31.4286,14.2857,nyc
753,260803060005nyc,26080306nyc,26nyc,2017,0.0,97,0.0,0.0,0.0,282,23.7589,78.0142,12.0567,6.383,nyc
754,260803060005nyc,26080306nyc,26nyc,2018,0.0,91,0.0,0.0,0.0,317,33.4385,70.6625,11.3565,12.6183,nyc
755,260803060005nyc,26080306nyc,26nyc,2019,0.0,97,0.0,0.0,0.0,316,38.6076,66.1392,13.2911,12.9747,nyc
756,260803060005nyc,26080306nyc,26nyc,2021,0.0,0,0.46,0.0,0.92,3,100.0,33.3333,0.0,66.6667,nyc
757,260901060004nyc,26090106nyc,26nyc,2017,0.0,99,0.0,0.0,0.0,185,10.8108,90.2703,0.5405,5.4054,nyc
758,260901060004nyc,26090106nyc,26nyc,2018,0.0,98,0.0,0.0,0.0,201,16.4179,92.0398,0.995,1.4925,nyc
759,260901060004nyc,26090106nyc,26nyc,2019,0.0,100,0.0,0.0,0.0,160,13.75,94.375,1.25,1.25,nyc
760,260901060004nyc,26090106nyc,26nyc,2021,0.0,0,0.46,0.0,0.92,2,50.0,50.0,0.0,50.0,nyc
761,261001060001nyc,26100106nyc,26nyc,2017,0.0,95,0.0,0.0,0.0,305,32.7869,81.6393,7.541,4.2623,nyc
762,261001060001nyc,26100106nyc,26nyc,2018,0.0,97,0.0,0.0,0.0,280,30.0,84.2857,4.6429,4.6429,nyc
763,261001060001nyc,26100106nyc,26nyc,2019,0.0,96,0.0,0.0,0.0,280,28.9286,82.8571,5.0,6.7857,nyc
764,261001060001nyc,26100106nyc,26nyc,2021,0.0,91,0.46,0.0,0.92,23,26.087,65.2174,8.6957,17.3913,nyc
765,261101060004nyc,26110106nyc,26nyc,2017,0.0,96,0.0,0.0,0.0,333,26.1261,91.8919,1.8018,3.003,nyc
766,261101060004nyc,26110106nyc,26nyc,2018,0.0,94,0.0,0.0,0.0,393,27.2265,87.5318,2.5445,6.8702,nyc
767,261101060004nyc,26110106nyc,26nyc,2019,0.0,96,0.0,0.0,0.0,381,27.0341,87.9265,3.1496,5.5118,nyc
768,261101060004nyc,26110106nyc,26nyc,2021,0.0,90,0.46,0.0,0.92,40,47.5,80.0,7.5,12.5,nyc
769,261201060006nyc,26120106nyc,26nyc,2017,0.0,98,0.0,0.0,0.0,356,14.6067,83.1461,3.9326,6.4607,nyc
770,261201060006nyc,26120106nyc,26nyc,2018,0.0,94,0.0,0.0,0.0,370,19.7297,82.973,4.3243,6.2162,nyc
771,261201060006nyc,26120106nyc,26nyc,2019,0.0,95,0.0,0.0,0.0,382,22.5131,84.2932,4.4503,6.0209,nyc
772,261201060006nyc,26120106nyc,26nyc,2021,0.0,97,0.46,0.0,0.92,29,20.6897,86.2069,3.4483,0.0,nyc
773,261301060009nyc,26130106nyc,26nyc,2017,0.0,96,0.0,0.0,0.0,526,18.0608,85.7414,5.1331,3.0418,nyc
774,261301060009nyc,26130106nyc,26nyc,2018,0.0,95,0.0,0.0,0.0,494,19.4332,88.4615,4.8583,2.4291,nyc
775,261301060009nyc,26130106nyc,26nyc,2019,0.0,94,0.0,0.0,0.0,485,22.4742,83.7113,7.4227,2.8866,nyc
776,261301060009nyc,26130106nyc,26nyc,2021,0.0,96,0.46,0.0,0.92,227,16.2996,89.8678,3.5242,2.6432,nyc
1015,30101060003nyc,3010106nyc,3nyc,2017,0.0,99,0.0,0.0,0.0,134,35.0746,90.2985,2.9851,5.9701,nyc
1016,30101060003nyc,3010106nyc,3nyc,2018,0.0,97,0.0,0.0,0.0,125,46.4,88.8,1.6,4.0,nyc
1017,30101060003nyc,3010106nyc,3nyc,2019,0.0,96,0.0,0.0,0.0,109,33.945,93.578,0.0,1.8349,nyc
1018,30101060003nyc,3010106nyc,3nyc,2021,0.0,93,0.38,0.0,0.76,68,26.4706,92.6471,2.9412,2.9412,nyc
1019,30200010021nyc,3020001nyc,3nyc,2017,0.0,80,0.0,0.0,0.0,368,64.1304,52.4457,25.0,12.2283,nyc
1020,30200010021nyc,3020001nyc,3nyc,2018,0.0,67,0.0,0.0,0.0,374,69.5187,44.9198,29.6791,13.9037,nyc
1021,30200010021nyc,3020001nyc,3nyc,2019,0.0,75,0.0,0.0,0.0,377,61.8037,42.9708,30.504,12.9973,nyc
1022,30200010021nyc,3020001nyc,3nyc,2021,0.0,56,0.56,0.16,0.8,34,79.4118,26.4706,35.2941,23.5294,nyc
1023,30501040003nyc,3050104nyc,3nyc,2017,0.0,80,0.0,0.0,0.0,60,53.3333,95.0,0.0,0.0,nyc
1024,30501040003nyc,3050104nyc,3nyc,2018,0.0,67,0.0,0.0,0.0,83,66.2651,97.5904,0.0,0.0,nyc
1025,30501040003nyc,3050104nyc,3nyc,2019,0.0,72,0.0,0.0,0.0,71,67.6056,98.5915,1.4085,0.0,nyc
1026,30501040003nyc,3050104nyc,3nyc,2021,0.0,90,0.48,0.0,0.96,29,44.8276,96.5517,3.4483,0.0,nyc
1027,30601060006nyc,3060106nyc,3nyc,2017,0.0,91,0.0,0.0,0.0,156,44.8718,87.1795,5.7692,1.2821,nyc
1028,30601060006nyc,3060106nyc,3nyc,2018,0.0,85,0.0,0.0,0.0,110,30.9091,90.9091,5.4545,0.9091,nyc
1029,30601060006nyc,3060106nyc,3nyc,2019,0.0,93,0.0,0.0,0.0,113,39.823,90.2655,5.3097,0.0,nyc
1030,30601060006nyc,3060106nyc,3nyc,2021,0.0,0,0.3,0.0,0.6,3,33.3333,100.0,0.0,0.0,nyc
1031,30701060001nyc,3070106nyc,3nyc,2017,0.0,97,0.0,0.0,0.0,123,34.9593,91.8699,1.626,0.813,nyc
1032,30701060001nyc,3070106nyc,3nyc,2018,0.0,91,0.0,0.0,0.0,132,40.9091,91.6667,2.2727,1.5152,nyc
1033,30701060001nyc,3070106nyc,3nyc,2019,0.0,91,0.0,0.0,0.0,116,33.6207,94.8276,0.8621,0.8621,nyc
1034,30701060001nyc,3070106nyc,3nyc,2021,0.0,80,0.3,0.0,0.6,10,60.0,90.0,10.0,0.0,nyc
1331,31101060006nyc,3110106nyc,3nyc,2017,0.0,96,0.0,0.0,0.0,187,33.1551,91.9786,2.139,2.139,nyc
1332,31101060006nyc,3110106nyc,3nyc,2018,0.0,93,0.0,0.0,0.0,177,35.0282,87.5706,3.3898,2.8249,nyc
1333,31101060006nyc,3110106nyc,3nyc,2019,0.0,89,0.0,0.0,0.0,173,32.948,88.4393,1.1561,2.8902,nyc
1334,31101060006nyc,3110106nyc,3nyc,2021,0.0,88,0.42,0.08,0.68,17,41.1765,76.4706,0.0,5.8824,nyc
1335,31301040003nyc,3130104nyc,3nyc,2017,0.0,100,0.0,0.0,0.0,40,45.0,100.0,0.0,0.0,nyc
1336,31301040003nyc,3130104nyc,3nyc,2018,0.0,80,0.0,0.0,0.0,40,65.0,97.5,2.5,0.0,nyc
1337,31301040003nyc,3130104nyc,3nyc,2019,0.0,93,0.0,0.0,0.0,40,62.5,97.5,0.0,2.5,nyc
1338,31301040003nyc,3130104nyc,3nyc,2021,0.0,100,0.48,0.0,0.96,5,100.0,100.0,0.0,0.0,nyc
1339,31401060004nyc,3140106nyc,3nyc,2017,0.0,88,0.0,0.0,0.0,124,56.4516,96.7742,1.6129,0.8065,nyc
1340,31401060004nyc,3140106nyc,3nyc,2018,0.0,75,0.0,0.0,0.0,113,50.4425,99.115,0.0,0.885,nyc
1341,31401060004nyc,3140106nyc,3nyc,2019,0.0,80,0.0,0.0,0.0,90,62.2222,95.5556,1.1111,1.1111,nyc
1342,31401060004nyc,3140106nyc,3nyc,2021,0.0,94,0.48,0.0,0.96,17,52.9412,88.2353,0.0,5.8824,nyc
1343,31501060012nyc,3150106nyc,3nyc,2017,0.0,89,0.0,0.0,0.0,273,40.6593,75.8242,9.1575,8.0586,nyc
1344,31501060012nyc,3150106nyc,3nyc,2018,0.0,78,0.0,0.0,0.0,295,46.7797,71.5254,10.1695,7.7966,nyc
1345,31501060012nyc,3150106nyc,3nyc,2019,0.0,88,0.0,0.0,0.0,336,49.4048,69.6429,10.119,8.9286,nyc
1346,31501060012nyc,3150106nyc,3nyc,2021,0.0,83,0.38,0.04,0.68,42,59.5238,69.0476,19.0476,9.5238,nyc
1347,31502060006nyc,3150206nyc,3nyc,2017,0.0,86,0.0,0.0,0.0,182,54.9451,65.3846,15.3846,7.6923,nyc
1348,31502060006nyc,3150206nyc,3nyc,2018,0.0,85,0.0,0.0,0.0,195,61.5385,65.641,11.2821,8.2051,nyc
1349,31502060006nyc,3150206nyc,3nyc,2019,0.0,85,0.0,0.0,0.0,186,65.0538,57.5269,15.5914,5.914,nyc
1350,31502060006nyc,3150206nyc,3nyc,2021,0.0,89,0.48,0.0,0.96,46,65.2174,50.0,23.913,6.5217,nyc
1351,31601060051nyc,3160106nyc,3nyc,2017,0.0,98,0.0,0.0,0.0,251,19.1235,84.4622,1.992,2.3904,nyc
1352,31601060051nyc,3160106nyc,3nyc,2018,0.0,95,0.0,0.0,0.0,266,19.1729,79.3233,3.0075,3.7594,nyc
1353,31601060051nyc,3160106nyc,3nyc,2019,0.0,96,0.0,0.0,0.0,253,23.3202,79.8419,3.9526,3.1621,nyc
1354,31601060051nyc,3160106nyc,3nyc,2021,0.0,91,0.46,0.0,0.92,194,23.1959,80.4124,1.5464,3.0928,nyc
1355,31701060007nyc,3170106nyc,3nyc,2017,0.0,95,0.0,0.0,0.0,161,48.4472,92.5466,3.7267,1.8634,nyc
1356,31701060007nyc,3170106nyc,3nyc,2018,0.0,94,0.0,0.0,0.0,156,50.0,92.3077,1.9231,5.1282,nyc
1357,31701060007nyc,3170106nyc,3nyc,2019,0.0,94,0.0,0.0,0.0,106,41.5094,90.566,2.8302,4.717,nyc
1358,31701060007nyc,3170106nyc,3nyc,2021,0.0,91,0.48,0.0,0.96,64,29.6875,92.1875,1.5625,4.6875,nyc
2286,40204040001nyc,4020404nyc,4nyc,2017,0.0,91,0.0,0.0,0.0,23,26.087,91.3043,4.3478,4.3478,nyc
2287,40204040001nyc,4020404nyc,4nyc,2018,0.0,100,0.0,0.0,0.0,22,36.3636,100.0,0.0,0.0,nyc
2288,40204040001nyc,4020404nyc,4nyc,2019,0.0,100,0.0,0.0,0.0,11,45.4545,100.0,0.0,0.0,nyc
2289,40204040001nyc,4020404nyc,4nyc,2021,0.0,83,0.0,0.0,0.0,6,66.6667,83.3333,0.0,0.0,nyc
2290,40302060001nyc,4030206nyc,4nyc,2017,0.0,92,0.0,0.0,0.0,82,32.9268,93.9024,1.2195,2.439,nyc
2291,40302060001nyc,4030206nyc,4nyc,2018,0.0,87,0.0,0.0,0.0,89,38.2022,94.382,1.1236,1.1236,nyc
2292,40302060001nyc,4030206nyc,4nyc,2019,0.0,91,0.0,0.0,0.0,118,29.661,92.3729,1.6949,2.5424,nyc
2293,40302060001nyc,4030206nyc,4nyc,2021,0.0,44,0.48,0.08,0.8,9,44.4444,100.0,0.0,0.0,nyc
2303,41101040002nyc,4110104nyc,4nyc,2017,0.0,93,0.0,0.0,0.0,57,45.614,94.7368,0.0,0.0,nyc
2304,41101040002nyc,4110104nyc,4nyc,2018,0.0,84,0.0,0.0,0.0,50,60.0,92.0,0.0,2.0,nyc
2305,41101040002nyc,4110104nyc,4nyc,2019,0.0,89,0.0,0.0,0.0,63,58.7302,87.3016,1.5873,6.3492,nyc
2306,41101040002nyc,4110104nyc,4nyc,2021,0.0,91,0.24,0.0,0.48,46,43.4783,97.8261,0.0,0.0,nyc
2348,41401040001nyc,4140104nyc,4nyc,2017,0.0,92,0.0,0.0,0.0,23,39.1304,95.6522,0.0,0.0,nyc
2349,41401040001nyc,4140104nyc,4nyc,2018,0.0,86,0.0,0.0,0.0,22,59.0909,95.4545,0.0,0.0,nyc
2350,41401040001nyc,4140104nyc,4nyc,2019,0.0,97,0.0,0.0,0.0,29,58.6207,86.2069,0.0,3.4483,nyc
2351,41401040001nyc,4140104nyc,4nyc,2021,0.0,87,0.46,0.0,0.92,30,33.3333,96.6667,0.0,0.0,nyc
2415,42400010013nyc,4240001nyc,4nyc,2017,0.0,87,0.0,0.0,0.0,190,51.0526,84.7368,7.3684,1.0526,nyc
2416,42400010013nyc,4240001nyc,4nyc,2018,0.0,74,0.0,0.0,0.0,158,50.6329,84.1772,7.5949,1.8987,nyc
2417,42400010013nyc,4240001nyc,4nyc,2019,0.0,80,0.0,0.0,0.0,152,44.0789,82.2368,2.6316,5.9211,nyc
2418,42400010013nyc,4240001nyc,4nyc,2021,0.0,93,0.22,0.04,0.36,75,46.6667,86.6667,4.0,2.6667,nyc
2419,42801060006nyc,4280106nyc,4nyc,2017,0.0,83,0.0,0.0,0.0,104,59.6154,80.7692,0.9615,1.9231,nyc
2420,42801060006nyc,4280106nyc,4nyc,2018,0.0,68,0.0,0.0,0.0,112,62.5,66.0714,0.8929,1.7857,nyc
2421,42801060006nyc,4280106nyc,4nyc,2019,0.0,83,0.0,0.0,0.0,113,61.9469,59.292,0.0,2.6549,nyc
2422,42801060006nyc,4280106nyc,4nyc,2021,0.0,85,0.5,0.08,0.84,59,45.7627,66.1017,0.0,6.7797,nyc
2423,42901040002nyc,4290104nyc,4nyc,2017,0.0,85,0.0,0.0,0.0,68,57.3529,97.0588,1.4706,0.0,nyc
2424,42901040002nyc,4290104nyc,4nyc,2018,0.0,80,0.0,0.0,0.0,82,50.0,97.561,0.0,0.0,nyc
2425,42901040002nyc,4290104nyc,4nyc,2019,0.0,92,0.0,0.0,0.0,83,38.5542,92.7711,1.2048,3.6145,nyc
2426,42901040002nyc,4290104nyc,4nyc,2021,0.0,90,0.0,0.0,0.0,82,30.4878,97.561,0.0,0.0,nyc
2427,43001040002nyc,4300104nyc,4nyc,2017,0.0,97,0.0,0.0,0.0,67,53.7313,94.0299,0.0,1.4925,nyc
2428,43001040002nyc,4300104nyc,4nyc,2018,0.0,89,0.0,0.0,0.0,73,41.0959,93.1507,0.0,1.3699,nyc
2429,43001040002nyc,4300104nyc,4nyc,2019,0.0,96,0.0,0.0,0.0,73,50.6849,86.3014,0.0,1.3699,nyc
2430,43001040002nyc,4300104nyc,4nyc,2021,0.0,100,0.44,0.0,0.88,26,42.3077,76.9231,0.0,11.5385,nyc
2462,43200050002nyc,4320005nyc,4nyc,2017,0.0,84,0.0,0.0,0.0,73,54.7945,57.5342,0.0,4.1096,nyc
2463,43200050002nyc,4320005nyc,4nyc,2018,0.0,59,0.0,0.0,0.0,83,62.6506,62.6506,0.0,4.8193,nyc
2464,43200050002nyc,4320005nyc,4nyc,2019,0.0,74,0.0,0.0,0.0,90,54.4444,45.5556,1.1111,2.2222,nyc
2465,43200050002nyc,4320005nyc,4nyc,2021,0.0,76,0.46,0.08,0.76,54,40.7407,55.5556,0.0,5.5556,nyc
2466,43501060006nyc,4350106nyc,4nyc,2017,0.0,89,0.0,0.0,0.0,184,51.6304,96.1957,0.5435,1.6304,nyc
2467,43501060006nyc,4350106nyc,4nyc,2018,0.0,84,0.0,0.0,0.0,197,51.7766,96.9543,1.5228,0.5076,nyc
2468,43501060006nyc,4350106nyc,4nyc,2019,0.0,87,0.0,0.0,0.0,205,53.6585,97.0732,1.9512,0.4878,nyc
2469,43501060006nyc,4350106nyc,4nyc,2021,0.0,89,0.44,0.0,0.88,9,66.6667,88.8889,0.0,11.1111,nyc
2665,50100010013nyc,5010001nyc,5nyc,2017,0.0,86,0.0,0.0,0.0,290,46.5517,79.6552,12.4138,4.8276,nyc
2666,50100010013nyc,5010001nyc,5nyc,2018,0.0,77,0.0,0.0,0.0,273,42.1245,81.3187,11.3553,3.2967,nyc
2667,50100010013nyc,5010001nyc,5nyc,2019,0.0,80,0.0,0.0,0.0,315,43.1746,79.6825,9.8413,3.1746,nyc
2668,50100010013nyc,5010001nyc,5nyc,2021,0.0,60,0.46,0.0,0.92,5,20.0,60.0,0.0,20.0,nyc
2669,50301040002nyc,5030104nyc,5nyc,2017,0.0,88,0.0,0.0,0.0,86,27.907,93.0233,2.3256,1.1628,nyc
2670,50301040002nyc,5030104nyc,5nyc,2018,0.0,87,0.0,0.0,0.0,67,29.8507,92.5373,0.0,2.9851,nyc
2671,50301040002nyc,5030104nyc,5nyc,2019,0.0,92,0.0,0.0,0.0,60,23.3333,93.3333,0.0,1.6667,nyc
2672,50301040002nyc,5030104nyc,5nyc,2021,0.0,100,0.26,0.0,0.52,29,6.8966,89.6552,0.0,0.0,nyc
2673,50401040003nyc,5040104nyc,5nyc,2017,0.0,93,0.0,0.0,0.0,82,36.5854,92.6829,1.2195,2.439,nyc
2674,50401040003nyc,5040104nyc,5nyc,2018,0.0,80,0.0,0.0,0.0,65,40.0,95.3846,1.5385,0.0,nyc
2675,50401040003nyc,5040104nyc,5nyc,2019,0.0,93,0.0,0.0,0.0,90,41.1111,93.3333,1.1111,1.1111,nyc
2676,50401040003nyc,5040104nyc,5nyc,2021,0.0,89,0.46,0.0,0.92,19,21.0526,84.2105,0.0,5.2632,nyc
2677,50701040005nyc,5070104nyc,5nyc,2017,0.0,92,0.0,0.0,0.0,48,50.0,91.6667,0.0,8.3333,nyc
2678,50701040005nyc,5070104nyc,5nyc,2018,0.0,93,0.0,0.0,0.0,41,51.2195,90.2439,0.0,9.7561,nyc
2679,50701040005nyc,5070104nyc,5nyc,2019,0.0,92,0.0,0.0,0.0,53,39.6226,92.4528,0.0,5.6604,nyc
2680,50701040005nyc,5070104nyc,5nyc,2021,0.0,91,0.5,0.08,0.84,54,50.0,75.9259,0.0,16.6667,nyc
2692,51101040004nyc,5110104nyc,5nyc,2017,0.0,83,0.0,0.0,0.0,94,35.1064,97.8723,1.0638,0.0,nyc
2693,51101040004nyc,5110104nyc,5nyc,2018,0.0,74,0.0,0.0,0.0,94,51.0638,91.4894,2.1277,2.1277,nyc
2694,51101040004nyc,5110104nyc,5nyc,2019,0.0,82,0.0,0.0,0.0,78,38.4615,96.1538,0.0,2.5641,nyc
2695,51101040004nyc,5110104nyc,5nyc,2021,0.0,81,0.16,0.16,0.0,47,38.2979,97.8723,0.0,2.1277,nyc
2731,51301040003nyc,5130104nyc,5nyc,2017,0.0,95,0.0,0.0,0.0,73,38.3562,94.5205,0.0,2.7397,nyc
2732,51301040003nyc,5130104nyc,5nyc,2018,0.0,82,0.0,0.0,0.0,74,45.9459,94.5946,1.3514,1.3514,nyc
2733,51301040003nyc,5130104nyc,5nyc,2019,0.0,85,0.0,0.0,0.0,73,43.8356,95.8904,1.3699,0.0,nyc
2734,51301040003nyc,5130104nyc,5nyc,2021,0.0,95,0.46,0.08,0.76,57,38.5965,91.2281,0.0,3.5088,nyc
2737,51901040005nyc,5190104nyc,5nyc,2017,0.0,100,0.0,0.0,0.0,74,20.2703,97.2973,0.0,2.7027,nyc
2738,51901040005nyc,5190104nyc,5nyc,2018,0.0,94,0.0,0.0,0.0,62,50.0,88.7097,3.2258,6.4516,nyc
2739,51901040005nyc,5190104nyc,5nyc,2019,0.0,94,0.0,0.0,0.0,82,35.3659,89.0244,4.878,2.439,nyc
2740,51901040005nyc,5190104nyc,5nyc,2021,0.0,85,0.5,0.08,0.84,33,42.4242,84.8485,3.0303,9.0909,nyc
3077,60201060003nyc,6020106nyc,6nyc,2017,0.0,94,0.0,0.0,0.0,114,29.8246,90.3509,0.0,1.7544,nyc
3078,60201060003nyc,6020106nyc,6nyc,2018,0.0,87,0.0,0.0,0.0,107,34.5794,92.5234,0.0,1.8692,nyc
3079,60201060003nyc,6020106nyc,6nyc,2019,0.0,93,0.0,0.0,0.0,104,36.5385,89.4231,1.9231,0.9615,nyc
3080,60201060003nyc,6020106nyc,6nyc,2021,0.0,83,0.44,0.0,0.88,18,44.4444,83.3333,0.0,5.5556,nyc
3081,60301040004nyc,6030104nyc,6nyc,2017,0.0,90,0.0,0.0,0.0,48,31.25,100.0,0.0,0.0,nyc
3082,60301040004nyc,6030104nyc,6nyc,2018,0.0,88,0.0,0.0,0.0,64,32.8125,93.75,0.0,1.5625,nyc
3083,60301040004nyc,6030104nyc,6nyc,2019,0.0,94,0.0,0.0,0.0,67,41.791,91.0448,0.0,4.4776,nyc
3084,60301040004nyc,6030104nyc,6nyc,2021,0.0,100,0.0,0.0,0.0,7,42.8571,100.0,0.0,0.0,nyc
3085,60401040006nyc,6040104nyc,6nyc,2017,0.0,83,0.0,0.0,0.0,82,50.0,89.0244,1.2195,7.3171,nyc
3086,60401040006nyc,6040104nyc,6nyc,2018,0.0,87,0.0,0.0,0.0,60,48.3333,93.3333,1.6667,5.0,nyc
3087,60401040006nyc,6040104nyc,6nyc,2019,0.0,96,0.0,0.0,0.0,70,42.8571,94.2857,0.0,2.8571,nyc
3088,60401040006nyc,6040104nyc,6nyc,2021,0.0,85,0.46,0.0,0.92,52,50.0,90.3846,7.6923,1.9231,nyc
3089,60503040001nyc,6050304nyc,6nyc,2017,0.0,94,0.0,0.0,0.0,84,36.9048,95.2381,0.0,2.381,nyc
3090,60503040001nyc,6050304nyc,6nyc,2018,0.0,89,0.0,0.0,0.0,63,26.9841,96.8254,0.0,1.5873,nyc
3091,60503040001nyc,6050304nyc,6nyc,2019,0.0,93,0.0,0.0,0.0,67,40.2985,97.0149,0.0,1.4925,nyc
3092,60503040001nyc,6050304nyc,6nyc,2021,0.0,96,0.0,0.0,0.0,54,29.6296,96.2963,0.0,1.8519,nyc
3093,60601040003nyc,6060104nyc,6nyc,2017,0.0,96,0.0,0.0,0.0,33,48.4848,100.0,0.0,0.0,nyc
3094,60601040003nyc,6060104nyc,6nyc,2018,0.0,74,0.0,0.0,0.0,35,51.4286,91.4286,0.0,5.7143,nyc
3095,60601040003nyc,6060104nyc,6nyc,2019,0.0,81,0.0,0.0,0.0,37,62.1622,94.5946,0.0,0.0,nyc
3096,60601040003nyc,6060104nyc,6nyc,2021,0.0,93,0.46,0.0,0.92,41,48.7805,95.122,0.0,0.0,nyc
3097,60701040003nyc,6070104nyc,6nyc,2017,0.0,91,0.0,0.0,0.0,37,35.1351,94.5946,0.0,0.0,nyc
3098,60701040003nyc,6070104nyc,6nyc,2018,0.0,85,0.0,0.0,0.0,39,51.2821,97.4359,0.0,0.0,nyc
3099,60701040003nyc,6070104nyc,6nyc,2019,0.0,90,0.0,0.0,0.0,30,50.0,83.3333,0.0,3.3333,nyc
3100,60701040003nyc,6070104nyc,6nyc,2021,0.0,77,0.0,0.0,0.0,22,40.9091,81.8182,4.5455,9.0909,nyc
3101,60800010009nyc,6080001nyc,6nyc,2017,0.0,73,0.0,0.0,0.0,137,66.4234,35.0365,6.5693,56.2044,nyc
3102,60800010009nyc,6080001nyc,6nyc,2018,0.0,68,0.0,0.0,0.0,181,60.7735,37.0166,7.7348,51.3812,nyc
3103,60800010009nyc,6080001nyc,6nyc,2019,0.0,72,0.0,0.0,0.0,169,72.1893,40.8284,7.1006,49.1124,nyc
3104,60800010009nyc,6080001nyc,6nyc,2021,0.0,88,0.88,0.84,0.08,8,75.0,62.5,12.5,25.0,nyc
3105,61001040005nyc,6100104nyc,6nyc,2017,0.0,94,0.0,0.0,0.0,67,26.8657,95.5224,2.9851,0.0,nyc
3106,61001040005nyc,6100104nyc,6nyc,2018,0.0,94,0.0,0.0,0.0,62,20.9677,91.9355,3.2258,3.2258,nyc
3107,61001040005nyc,6100104nyc,6nyc,2019,0.0,94,0.0,0.0,0.0,53,24.5283,94.3396,1.8868,1.8868,nyc
3108,61001040005nyc,6100104nyc,6nyc,2021,0.0,91,0.48,0.04,0.88,23,4.3478,91.3043,0.0,0.0,nyc
3132,61101040007nyc,6110104nyc,6nyc,2017,0.0,76,0.0,0.0,0.0,100,48.0,96.0,2.0,1.0,nyc
3133,61101040007nyc,6110104nyc,6nyc,2018,0.0,84,0.0,0.0,0.0,111,46.8468,94.5946,2.7027,2.7027,nyc
3134,61101040007nyc,6110104nyc,6nyc,2019,0.0,84,0.0,0.0,0.0,97,51.5464,94.8454,1.0309,2.0619,nyc
3135,61101040007nyc,6110104nyc,6nyc,2021,0.0,87,0.26,0.0,0.52,30,26.6667,96.6667,0.0,3.3333,nyc
3136,61501040001nyc,6150104nyc,6nyc,2017,0.0,92,0.0,0.0,0.0,79,50.6329,84.8101,0.0,3.7975,nyc
3137,61501040001nyc,6150104nyc,6nyc,2018,0.0,89,0.0,0.0,0.0,71,50.7042,71.831,0.0,9.8592,nyc
3138,61501040001nyc,6150104nyc,6nyc,2019,0.0,89,0.0,0.0,0.0,90,55.5556,80.0,1.1111,6.6667,nyc
3139,61501040001nyc,6150104nyc,6nyc,2021,0.0,78,0.46,0.0,0.92,46,54.3478,78.2609,2.1739,2.1739,nyc
3140,61503040003nyc,6150304nyc,6nyc,2017,0.0,91,0.0,0.0,0.0,41,60.9756,95.122,0.0,4.878,nyc
3141,61503040003nyc,6150304nyc,6nyc,2018,0.0,82,0.0,0.0,0.0,34,61.7647,79.4118,2.9412,14.7059,nyc
3142,61503040003nyc,6150304nyc,6nyc,2019,0.0,91,0.0,0.0,0.0,47,44.6809,87.234,0.0,6.383,nyc
3143,61503040003nyc,6150304nyc,6nyc,2021,0.0,0,0.46,0.0,0.92,3,0.0,66.6667,0.0,0.0,nyc
3144,61601040001nyc,6160104nyc,6nyc,2017,0.0,84,0.0,0.0,0.0,33,45.4545,93.9394,0.0,6.0606,nyc
3145,61601040001nyc,6160104nyc,6nyc,2018,0.0,88,0.0,0.0,0.0,51,35.2941,96.0784,0.0,1.9608,nyc
3146,61601040001nyc,6160104nyc,6nyc,2019,0.0,100,0.0,0.0,0.0,37,35.1351,94.5946,0.0,2.7027,nyc
3147,61601040001nyc,6160104nyc,6nyc,2021,0.0,92,0.46,0.0,0.92,26,42.3077,96.1538,0.0,3.8462,nyc
3148,61700010013nyc,6170001nyc,6nyc,2017,0.0,87,0.0,0.0,0.0,299,55.8528,65.8863,5.6856,17.0569,nyc
3149,61700010013nyc,6170001nyc,6nyc,2018,0.0,83,0.0,0.0,0.0,324,59.5679,68.5185,5.8642,14.1975,nyc
3150,61700010013nyc,6170001nyc,6nyc,2019,0.0,85,0.0,0.0,0.0,335,60.8955,65.6716,6.8657,18.806,nyc
3151,61700010013nyc,6170001nyc,6nyc,2021,0.0,82,0.52,0.04,0.96,51,64.7059,80.3922,5.8824,5.8824,nyc
3178,62201060003nyc,6220106nyc,6nyc,2017,0.0,94,0.0,0.0,0.0,129,28.6822,89.9225,0.0,7.7519,nyc
3179,62201060003nyc,6220106nyc,6nyc,2018,0.0,81,0.0,0.0,0.0,137,32.8467,78.1022,1.4599,15.3285,nyc
3180,62201060003nyc,6220106nyc,6nyc,2019,0.0,90,0.0,0.0,0.0,137,34.3066,80.292,2.1898,15.3285,nyc
3181,62201060003nyc,6220106nyc,6nyc,2021,0.0,83,0.42,0.0,0.84,47,27.6596,78.7234,0.0,14.8936,nyc
3182,62301040003nyc,6230104nyc,6nyc,2017,0.0,93,0.0,0.0,0.0,46,43.4783,91.3043,0.0,4.3478,nyc
3183,62301040003nyc,6230104nyc,6nyc,2018,0.0,68,0.0,0.0,0.0,38,68.4211,81.5789,0.0,10.5263,nyc
3184,62301040003nyc,6230104nyc,6nyc,2019,0.0,81,0.0,0.0,0.0,43,51.1628,90.6977,0.0,6.9767,nyc
3185,62301040003nyc,6230104nyc,6nyc,2021,0.0,81,0.46,0.0,0.92,26,61.5385,96.1538,0.0,3.8462,nyc
3186,62601040003nyc,6260104nyc,6nyc,2017,0.0,90,0.0,0.0,0.0,31,64.5161,83.871,6.4516,9.6774,nyc
3187,62601040003nyc,6260104nyc,6nyc,2018,0.0,91,0.0,0.0,0.0,46,52.1739,97.8261,2.1739,0.0,nyc
3188,62601040003nyc,6260104nyc,6nyc,2019,0.0,100,0.0,0.0,0.0,36,63.8889,97.2222,0.0,2.7778,nyc
3189,62601040003nyc,6260104nyc,6nyc,2021,0.0,87,0.46,0.0,0.92,23,65.2174,82.6087,0.0,8.6957,nyc
3190,62901040002nyc,6290104nyc,6nyc,2017,0.0,97,0.0,0.0,0.0,53,49.0566,90.566,1.8868,5.6604,nyc
3191,62901040002nyc,6290104nyc,6nyc,2018,0.0,95,0.0,0.0,0.0,58,55.1724,98.2759,0.0,1.7241,nyc
3192,62901040002nyc,6290104nyc,6nyc,2019,0.0,91,0.0,0.0,0.0,56,50.0,87.5,0.0,8.9286,nyc
3193,62901040002nyc,6290104nyc,6nyc,2021,0.0,74,0.48,0.08,0.8,35,48.5714,91.4286,5.7143,2.8571,nyc
3444,70600010020nyc,7060001nyc,7nyc,2017,0.0,84,0.0,0.0,0.0,376,50.0,75.5319,20.7447,1.0638,nyc
3445,70600010020nyc,7060001nyc,7nyc,2018,0.0,80,0.0,0.0,0.0,383,51.6971,71.8016,21.4099,2.8721,nyc
3446,70600010020nyc,7060001nyc,7nyc,2019,0.0,84,0.0,0.0,0.0,407,47.9115,78.6241,15.7248,1.7199,nyc
3447,70600010020nyc,7060001nyc,7nyc,2021,0.0,87,0.5,0.08,0.84,15,46.6667,93.3333,6.6667,0.0,nyc
3448,70901060007nyc,7090106nyc,7nyc,2017,0.0,89,0.0,0.0,0.0,294,30.2721,89.1156,2.0408,2.7211,nyc
3449,70901060007nyc,7090106nyc,7nyc,2018,0.0,83,0.0,0.0,0.0,358,27.6536,90.7821,1.9553,1.1173,nyc
3450,70901060007nyc,7090106nyc,7nyc,2019,0.0,91,0.0,0.0,0.0,331,29.9094,89.7281,2.4169,2.1148,nyc
3451,70901060007nyc,7090106nyc,7nyc,2021,0.0,92,0.2,0.0,0.4,25,24.0,88.0,0.0,4.0,nyc
3455,80101040003nyc,8010104nyc,8nyc,2017,0.0,80,0.0,0.0,0.0,35,71.4286,94.2857,2.8571,2.8571,nyc
3456,80101040003nyc,8010104nyc,8nyc,2018,0.0,88,0.0,0.0,0.0,42,59.5238,95.2381,0.0,2.381,nyc
3457,80101040003nyc,8010104nyc,8nyc,2019,0.0,89,0.0,0.0,0.0,36,36.1111,91.6667,0.0,2.7778,nyc
3458,80101040003nyc,8010104nyc,8nyc,2021,0.0,91,0.3,0.0,0.6,23,47.8261,78.2609,8.6957,4.3478,nyc
3459,80201040001nyc,8020104nyc,8nyc,2017,0.0,94,0.0,0.0,0.0,58,32.7586,91.3793,0.0,5.1724,nyc
3460,80201040001nyc,8020104nyc,8nyc,2018,0.0,99,0.0,0.0,0.0,68,42.6471,94.1176,1.4706,0.0,nyc
3461,80201040001nyc,8020104nyc,8nyc,2019,0.0,98,0.0,0.0,0.0,48,54.1667,97.9167,0.0,0.0,nyc
3462,80201040001nyc,8020104nyc,8nyc,2021,0.0,73,0.28,0.0,0.56,11,54.5455,81.8182,0.0,0.0,nyc
3463,80601040003nyc,8060104nyc,8nyc,2017,0.0,88,0.0,0.0,0.0,76,51.3158,96.0526,1.3158,1.3158,nyc
3464,80601040003nyc,8060104nyc,8nyc,2018,0.0,87,0.0,0.0,0.0,77,49.3506,92.2078,0.0,5.1948,nyc
3465,80601040003nyc,8060104nyc,8nyc,2019,0.0,94,0.0,0.0,0.0,72,40.2778,94.4444,0.0,2.7778,nyc
3466,80601040003nyc,8060104nyc,8nyc,2021,0.0,100,0.26,0.0,0.52,16,25.0,93.75,0.0,0.0,nyc
3467,81003040003nyc,8100304nyc,8nyc,2017,0.0,70,0.0,0.0,0.0,56,64.2857,91.0714,1.7857,1.7857,nyc
3468,81003040003nyc,8100304nyc,8nyc,2018,0.0,78,0.0,0.0,0.0,67,53.7313,91.0448,2.9851,1.4925,nyc
3469,81003040003nyc,8100304nyc,8nyc,2019,0.0,91,0.0,0.0,0.0,68,63.2353,94.1176,2.9412,0.0,nyc
3470,81003040003nyc,8100304nyc,8nyc,2021,0.0,40,0.38,0.0,0.76,5,100.0,100.0,0.0,0.0,nyc
3471,81200050004nyc,8120005nyc,8nyc,2017,0.0,88,0.0,0.0,0.0,146,43.8356,89.726,3.4247,4.1096,nyc
3472,81200050004nyc,8120005nyc,8nyc,2018,0.0,75,0.0,0.0,0.0,156,54.4872,89.1026,6.4103,3.2051,nyc
3473,81200050004nyc,8120005nyc,8nyc,2019,0.0,73,0.0,0.0,0.0,162,55.5556,89.5062,3.7037,4.321,nyc
3474,81200050004nyc,8120005nyc,8nyc,2021,0.0,94,0.04,0.04,0.0,65,30.7692,84.6154,9.2308,1.5385,nyc
3475,81401040001nyc,8140104nyc,8nyc,2017,0.0,75,0.0,0.0,0.0,31,35.4839,100.0,0.0,0.0,nyc
3476,81401040001nyc,8140104nyc,8nyc,2018,0.0,82,0.0,0.0,0.0,28,64.2857,89.2857,3.5714,7.1429,nyc
3477,81401040001nyc,8140104nyc,8nyc,2019,0.0,94,0.0,0.0,0.0,32,43.75,96.875,0.0,3.125,nyc
3478,81401040001nyc,8140104nyc,8nyc,2021,0.0,68,0.1,0.04,0.12,22,54.5455,95.4545,0.0,4.5455,nyc
3479,81501040002nyc,8150104nyc,8nyc,2017,0.0,94,0.0,0.0,0.0,55,58.1818,92.7273,1.8182,3.6364,nyc
3480,81501040002nyc,8150104nyc,8nyc,2018,0.0,86,0.0,0.0,0.0,57,70.1754,87.7193,3.5088,5.2632,nyc
3481,81501040002nyc,8150104nyc,8nyc,2019,0.0,83,0.0,0.0,0.0,66,57.5758,92.4242,1.5152,4.5455,nyc
3482,81501040002nyc,8150104nyc,8nyc,2021,0.0,91,0.48,0.0,0.96,44,50.0,88.6364,0.0,6.8182,nyc
3483,82001040004nyc,8200104nyc,8nyc,2017,0.0,83,0.0,0.0,0.0,89,44.9438,96.6292,2.2472,0.0,nyc
3484,82001040004nyc,8200104nyc,8nyc,2018,0.0,73,0.0,0.0,0.0,98,48.9796,98.9796,0.0,1.0204,nyc
3485,82001040004nyc,8200104nyc,8nyc,2019,0.0,89,0.0,0.0,0.0,95,54.7368,95.7895,0.0,1.0526,nyc
3486,82001040004nyc,8200104nyc,8nyc,2021,0.0,77,0.46,0.0,0.92,13,38.4615,100.0,0.0,0.0,nyc
3487,90201040002nyc,9020104nyc,9nyc,2017,0.0,92,0.0,0.0,0.0,80,53.75,97.5,1.25,1.25,nyc
3488,90201040002nyc,9020104nyc,9nyc,2018,0.0,84,0.0,0.0,0.0,75,45.3333,100.0,0.0,0.0,nyc
3489,90201040002nyc,9020104nyc,9nyc,2019,0.0,88,0.0,0.0,0.0,81,59.2593,92.5926,3.7037,2.4691,nyc
3490,90201040002nyc,9020104nyc,9nyc,2021,0.0,60,0.54,0.16,0.76,25,32.0,100.0,0.0,0.0,nyc
3491,90301060006nyc,9030106nyc,9nyc,2017,0.0,88,0.0,0.0,0.0,133,51.1278,95.4887,0.7519,3.0075,nyc
3492,90301060006nyc,9030106nyc,9nyc,2018,0.0,85,0.0,0.0,0.0,153,46.4052,94.7712,3.268,0.0,nyc
3493,90301060006nyc,9030106nyc,9nyc,2019,0.0,85,0.0,0.0,0.0,163,42.9448,96.9325,0.6135,1.227,nyc
3494,90301060006nyc,9030106nyc,9nyc,2021,0.0,80,0.54,0.16,0.76,20,25.0,100.0,0.0,0.0,nyc
3495,90501040002nyc,9050104nyc,9nyc,2017,0.0,93,0.0,0.0,0.0,97,30.9278,94.8454,1.0309,4.1237,nyc
3496,90501040002nyc,9050104nyc,9nyc,2018,0.0,93,0.0,0.0,0.0,104,34.6154,93.2692,0.9615,1.9231,nyc
3497,90501040002nyc,9050104nyc,9nyc,2019,0.0,94,0.0,0.0,0.0,104,33.6538,96.1538,1.9231,0.0,nyc
3498,90501040002nyc,9050104nyc,9nyc,2021,0.0,72,0.56,0.12,0.88,18,55.5556,94.4444,0.0,0.0,nyc
3499,90601020002nyc,9060102nyc,9nyc,2017,0.0,100,0.0,0.0,0.0,32,9.375,100.0,0.0,0.0,nyc
3500,90601020002nyc,9060102nyc,9nyc,2018,0.0,82,0.0,0.0,0.0,28,28.5714,100.0,0.0,0.0,nyc
3501,90601020002nyc,9060102nyc,9nyc,2019,0.0,97,0.0,0.0,0.0,36,22.2222,100.0,0.0,0.0,nyc
3502,90601020002nyc,9060102nyc,9nyc,2021,0.0,0,0.46,0.04,0.84,3,0.0,100.0,0.0,0.0,nyc
3503,90901040002nyc,9090104nyc,9nyc,2017,0.0,97,0.0,0.0,0.0,44,47.7273,97.7273,0.0,0.0,nyc
3504,90901040002nyc,9090104nyc,9nyc,2018,0.0,100,0.0,0.0,0.0,61,42.623,96.7213,0.0,0.0,nyc
3505,90901040002nyc,9090104nyc,9nyc,2019,0.0,100,0.0,0.0,0.0,64,45.3125,100.0,0.0,0.0,nyc
3506,90901040002nyc,9090104nyc,9nyc,2021,0.0,92,0.54,0.16,0.76,12,41.6667,100.0,0.0,0.0,nyc
3507,91101060005nyc,9110106nyc,9nyc,2017,0.0,84,0.0,0.0,0.0,146,37.6712,97.2603,2.0548,0.0,nyc
3508,91101060005nyc,9110106nyc,9nyc,2018,0.0,75,0.0,0.0,0.0,161,41.6149,90.0621,6.2112,0.0,nyc
3509,91101060005nyc,9110106nyc,9nyc,2019,0.0,88,0.0,0.0,0.0,161,41.6149,93.1677,2.4845,0.0,nyc
3510,91101060005nyc,9110106nyc,9nyc,2021,0.0,97,0.52,0.04,0.96,34,23.5294,94.1176,2.9412,0.0,nyc
3511,91200010006nyc,9120001nyc,9nyc,2017,0.0,87,0.0,0.0,0.0,141,47.5177,83.6879,11.3475,1.4184,nyc
3512,91200010006nyc,9120001nyc,9nyc,2018,0.0,73,0.0,0.0,0.0,139,48.9209,82.7338,10.0719,1.4388,nyc
3513,91200010006nyc,9120001nyc,9nyc,2019,0.0,88,0.0,0.0,0.0,143,44.7552,86.014,9.0909,1.3986,nyc
3514,91200010006nyc,9120001nyc,9nyc,2021,0.0,88,0.34,0.2,0.28,25,32.0,80.0,0.0,4.0,nyc
3515,91402060005nyc,9140206nyc,9nyc,2017,0.0,87,0.0,0.0,0.0,111,34.2342,96.3964,1.8018,0.0,nyc
3516,91402060005nyc,9140206nyc,9nyc,2018,0.0,82,0.0,0.0,0.0,111,43.2432,98.1982,0.9009,0.9009,nyc
3517,91402060005nyc,9140206nyc,9nyc,2019,0.0,93,0.0,0.0,0.0,103,36.8932,95.1456,1.9417,0.9709,nyc
3518,91402060005nyc,9140206nyc,9nyc,2021,0.0,89,0.54,0.16,0.76,19,68.4211,100.0,0.0,0.0,nyc
